Study_numb,Paper,Lead Author,Year_Published,Title,URL,Location,Country,GPS_coordinates_extracted,GPS_Google,GPS_data,GPS_lat,GPS_long,Field_Lab,Species,Taxa,Year_Sampled,OsHV-1_var,Strain,Search_Strategy,Notes
1,Arzul et al. 2001,Arzul,2001,Evidence for interspecies transmission of oyster herpesvirus in marine bivalves,https://www.microbiologyresearch.org/content/journal/jgv/10.1099/0022-1317-82-4-865,"Normandy, France",France,NA,"49.717346, -1.907873","49.717346, -1.907873",49.717346,-1.907873,Field,Ruditapes phillipinarum,Clam,1997,OsHV-1,,Snowball,
1,Arzul et al. 2001,Arzul,2001,Evidence for interspecies transmission of oyster herpesvirus in marine bivalves,https://www.microbiologyresearch.org/content/journal/jgv/10.1099/0022-1317-82-4-865,"Normandy, France",France,NA,"49.717346, -1.907873","49.717346, -1.907873",49.717346,-1.907873,Field,Magallana gigas,Pacific Oyster,1997,OsHV-1,,Snowball,
1,Arzul et al. 2001,Arzul,2001,Evidence for interspecies transmission of oyster herpesvirus in marine bivalves,https://www.microbiologyresearch.org/content/journal/jgv/10.1099/0022-1317-82-4-865,"Normandy, France",France,NA,"49.717346, -1.907873","49.717346, -1.907873",49.717346,-1.907873,Field,Ruditapes dessicatus,Clam,1998,OsHV-1,,Snowball,
1,Arzul et al. 2001,Arzul,2001,Evidence for interspecies transmission of oyster herpesvirus in marine bivalves,https://www.microbiologyresearch.org/content/journal/jgv/10.1099/0022-1317-82-4-865,"Normandy, France",France,NA,"49.717346, -1.907873","49.717346, -1.907873",49.717346,-1.907873,Field,Ostrea edulis,Other Oyster,1997,OsHV-1,,Snowball,
1,Arzul et al. 2001,Arzul,2001,Evidence for interspecies transmission of oyster herpesvirus in marine bivalves,https://www.microbiologyresearch.org/content/journal/jgv/10.1099/0022-1317-82-4-865,"Vendée, France",France,NA,"46.832531, -2.150655","46.832531, -2.150655",46.832531,-2.150655,Field,Magallana gigas,Pacific Oyster,1995,OsHV-1,,Snowball,
1,Arzul et al. 2001,Arzul,2001,Evidence for interspecies transmission of oyster herpesvirus in marine bivalves,https://www.microbiologyresearch.org/content/journal/jgv/10.1099/0022-1317-82-4-865,"Vendée, France",France,NA,"46.832531, -2.150655","46.832531, -2.150655",46.832531,-2.150655,Field,Magallana gigas,Pacific Oyster,2000,OsHV-1,,Snowball,
1,Arzul et al. 2001,Arzul,2001,Evidence for interspecies transmission of oyster herpesvirus in marine bivalves,https://www.microbiologyresearch.org/content/journal/jgv/10.1099/0022-1317-82-4-865,"Charente-Maritime, France",France,NA,"45.948768, -1.094332","45.948768, -1.094332",45.948768,-1.094332,Field,Magallana gigas,Pacific Oyster,1997,OsHV-1,,Snowball,
1,Arzul et al. 2001,Arzul,2001,Evidence for interspecies transmission of oyster herpesvirus in marine bivalves,https://www.microbiologyresearch.org/content/journal/jgv/10.1099/0022-1317-82-4-865,"Charente-Maritime, France",France,NA,"45.948768, -1.094332","45.948768, -1.094332",45.948768,-1.094332,Field,Ostrea edulis,Other Oyster,2000,OsHV-1,,Snowball,
2,Arzul et al. 2001,Arzul,2001,French Scallops: A New Host for Ostreid Herpesvirus-1,https://www.sciencedirect.com/science/article/pii/S0042682201911869?via%3Dihub,"Breton (Brittany), France",France,NA,"48.431392, -4.759700","48.431392, -4.759700",48.431392,-4.7597,Field,Pecten maximus,Scallop,2000,OsHV-1,,Snowball,
3,Bai et al. 2018,Bai,2018,Dual transcriptomic analysis of Ostreid herpesvirus 1 infected Scapharca broughtonii with an emphasis on viral anti-apoptosis activities and host oxidative bursts,https://www.sciencedirect.com/science/article/abs/pii/S1050464818305278?via%3Dihub,"Jimo, Qingdao, Shandong Province (imported from Korea)",China,NA,"36.460846, 120.948483","36.460846, 120.948483",36.460846,120.948483,Lab,Scapharca broughtonii,Clam,2014,OsHV-1,OsHV-1 SB?,Snowball,Ark Shell Blood Clam
4,Bai et al. 2015,Bai,2015,Emerging and endemic types of Ostreid herpesvirus 1 were detected in bivalves in China,https://www.sciencedirect.com/science/article/pii/S0022201114001785?via%3Dihub,"Changddao County, Shandong Province, China",China,NA,"38.184832, 120.762450
","38.184832, 120.762450
",38.184832,120.76245,Field,Chlamys farreri,Scallop,2001,OsHV-1,,Snowball,
4,Bai et al. 2015,Bai,2015,Emerging and endemic types of Ostreid herpesvirus 1 were detected in bivalves in China,https://www.sciencedirect.com/science/article/pii/S0022201114001785?via%3Dihub,"Changddao County, Shandong Province, China",China,NA,"38.184832, 120.762450
","38.184832, 120.762450
",38.184832,120.76245,Field,Chlamys farreri,Scallop,2002,OsHV-1,,Snowball,
4,Bai et al. 2015,Bai,2015,Emerging and endemic types of Ostreid herpesvirus 1 were detected in bivalves in China,https://www.sciencedirect.com/science/article/pii/S0022201114001785?via%3Dihub,"Changddao County, Shandong Province, China",China,NA,"38.184832, 120.762450
","38.184832, 120.762450
",38.184832,120.76245,Field,Chlamys farreri,Scallop,2003,OsHV-1,,Snowball,
4,Bai et al. 2015,Bai,2015,Emerging and endemic types of Ostreid herpesvirus 1 were detected in bivalves in China,https://www.sciencedirect.com/science/article/pii/S0022201114001785?via%3Dihub,"Changddao County, Shandong Province, China",China,NA,"38.184832, 120.762450
","38.184832, 120.762450
",38.184832,120.76245,Field,Chlamys farreri,Scallop,2004,OsHV-1,,Snowball,
4,Bai et al. 2015,Bai,2015,Emerging and endemic types of Ostreid herpesvirus 1 were detected in bivalves in China,https://www.sciencedirect.com/science/article/pii/S0022201114001785?via%3Dihub,"Changddao County, Shandong Province, China",China,NA,"38.184832, 120.762450
","38.184832, 120.762450
",38.184832,120.76245,Field,Chlamys farreri,Scallop,2005,OsHV-1,,Snowball,
4,Bai et al. 2015,Bai,2015,Emerging and endemic types of Ostreid herpesvirus 1 were detected in bivalves in China,https://www.sciencedirect.com/science/article/pii/S0022201114001785?via%3Dihub,"Changddao County, Shandong Province, China",China,NA,"38.184832, 120.762450
","38.184832, 120.762450
",38.184832,120.76245,Field,Chlamys farreri,Scallop,2006,OsHV-1,,Snowball,
4,Bai et al. 2015,Bai,2015,Emerging and endemic types of Ostreid herpesvirus 1 were detected in bivalves in China,https://www.sciencedirect.com/science/article/pii/S0022201114001785?via%3Dihub,"Changddao County, Shandong Province, China",China,NA,"38.184832, 120.762450
","38.184832, 120.762450
",38.184832,120.76245,Field,Chlamys farreri,Scallop,2007,OsHV-1,,Snowball,
4,Bai et al. 2015,Bai,2015,Emerging and endemic types of Ostreid herpesvirus 1 were detected in bivalves in China,https://www.sciencedirect.com/science/article/pii/S0022201114001785?via%3Dihub,"Changddao County, Shandong Province, China",China,NA,"38.184832, 120.762450
","38.184832, 120.762450
",38.184832,120.76245,Field,Chlamys farreri,Scallop,2008,OsHV-1,,Snowball,
4,Bai et al. 2015,Bai,2015,Emerging and endemic types of Ostreid herpesvirus 1 were detected in bivalves in China,https://www.sciencedirect.com/science/article/pii/S0022201114001785?via%3Dihub,"Changddao County, Shandong Province, China",China,NA,"38.184832, 120.762450
","38.184832, 120.762450
",38.184832,120.76245,Field,Chlamys farreri,Scallop,2009,OsHV-1,,Snowball,
4,Bai et al. 2015,Bai,2015,Emerging and endemic types of Ostreid herpesvirus 1 were detected in bivalves in China,https://www.sciencedirect.com/science/article/pii/S0022201114001785?via%3Dihub,"Changddao County, Shandong Province, China",China,NA,"38.184832, 120.762450
","38.184832, 120.762450
",38.184832,120.76245,Field,Chlamys farreri,Scallop,2010,OsHV-1,,Snowball,
4,Bai et al. 2015,Bai,2015,Emerging and endemic types of Ostreid herpesvirus 1 were detected in bivalves in China,https://www.sciencedirect.com/science/article/pii/S0022201114001785?via%3Dihub,"Changddao County, Shandong Province, China",China,NA,"38.184832, 120.762450
","38.184832, 120.762450
",38.184832,120.76245,Field,Chlamys farreri,Scallop,2011,OsHV-1,,Snowball,
4,Bai et al. 2015,Bai,2015,Emerging and endemic types of Ostreid herpesvirus 1 were detected in bivalves in China,https://www.sciencedirect.com/science/article/pii/S0022201114001785?via%3Dihub,"Changddao County, Shandong Province, China",China,NA,"38.184832, 120.762450
","38.184832, 120.762450
",38.184832,120.76245,Field,Crassostrea hongkongensis,Other Oyster,2011,OsHV-1,,Snowball,
4,Bai et al. 2015,Bai,2015,Emerging and endemic types of Ostreid herpesvirus 1 were detected in bivalves in China,https://www.sciencedirect.com/science/article/pii/S0022201114001785?via%3Dihub,"Changddao County, Shandong Province, China",China,NA,"38.184832, 120.762450
","38.184832, 120.762450
",38.184832,120.76245,Field,Patinopecten yessoensis,Scallop,2012,OsHV-1,,Snowball,"(= Mizuhopecten yessoensis), Giant Ezo Scallop, Yesso Scallop"
4,Bai et al. 2015,Bai,2015,Emerging and endemic types of Ostreid herpesvirus 1 were detected in bivalves in China,https://www.sciencedirect.com/science/article/pii/S0022201114001785?via%3Dihub,"Changddao County, Shandong Province, China",China,NA,"38.184832, 120.762450
","38.184832, 120.762450
",38.184832,120.76245,Field,Chlamys farreri,Scallop,2012,OsHV-1,,Snowball,
4,Bai et al. 2015,Bai,2015,Emerging and endemic types of Ostreid herpesvirus 1 were detected in bivalves in China,https://www.sciencedirect.com/science/article/pii/S0022201114001785?via%3Dihub,"Changddao County, Shandong Province, China",China,NA,"38.184832, 120.762450
","38.184832, 120.762450
",38.184832,120.76245,Field,Scapharca broughtonii,Clam,2012,OsHV-1,,Snowball,
4,Bai et al. 2015,Bai,2015,Emerging and endemic types of Ostreid herpesvirus 1 were detected in bivalves in China,https://www.sciencedirect.com/science/article/pii/S0022201114001785?via%3Dihub,"Changddao County, Shandong Province, China",China,NA,"38.184832, 120.762450
","38.184832, 120.762450
",38.184832,120.76245,Field,Chlamys farreri,Scallop,2013,OsHV-1,,Snowball,
4,Bai et al. 2015,Bai,2015,Emerging and endemic types of Ostreid herpesvirus 1 were detected in bivalves in China,https://www.sciencedirect.com/science/article/pii/S0022201114001785?via%3Dihub,"Changddao County, Shandong Province, China",China,NA,"38.184832, 120.762450
","38.184832, 120.762450
",38.184832,120.76245,Field,Scapharca broughtonii,Clam,2013,OsHV-1,,Snowball,
4,Bai et al. 2015,Bai,2015,Emerging and endemic types of Ostreid herpesvirus 1 were detected in bivalves in China,https://www.sciencedirect.com/science/article/pii/S0022201114001785?via%3Dihub,"Changddao County, Shandong Province, China",China,NA,"38.184832, 120.762450
","38.184832, 120.762450
",38.184832,120.76245,Field,Ruditapes phillipinarum,Clam,2013,OsHV-1,,Snowball,
4,Bai et al. 2015,Bai,2015,Emerging and endemic types of Ostreid herpesvirus 1 were detected in bivalves in China,https://www.sciencedirect.com/science/article/pii/S0022201114001785?via%3Dihub,"Changddao County, Shandong Province, China",China,NA,"38.184832, 120.762450
","38.184832, 120.762450
",38.184832,120.76245,Field,Crassostrea hongkongensis,Other Oyster,2013,OsHV-1,,Snowball,
4,Bai et al. 2015,Bai,2015,Emerging and endemic types of Ostreid herpesvirus 1 were detected in bivalves in China,https://www.sciencedirect.com/science/article/pii/S0022201114001785?via%3Dihub,"Changddao County, Shandong Province, China",China,NA,"38.184832, 120.762450
","38.184832, 120.762450
",38.184832,120.76245,Field,Magallana gigas,Pacific Oyster,2013,OsHV-1,,Snowball,
4,Bai et al. 2015,Bai,2015,Emerging and endemic types of Ostreid herpesvirus 1 were detected in bivalves in China,https://www.sciencedirect.com/science/article/pii/S0022201114001785?via%3Dihub,"Changddao County, Shandong Province, China",China,NA,"38.184832, 120.762450
","38.184832, 120.762450
",38.184832,120.76245,Field,Scapharca broughtonii,Clam,2013,OsHV-1,,Snowball,
4,Bai et al. 2015,Bai,2015,Emerging and endemic types of Ostreid herpesvirus 1 were detected in bivalves in China,https://www.sciencedirect.com/science/article/pii/S0022201114001785?via%3Dihub,"Changddao County, Shandong Province, China",China,NA,"38.184832, 120.762450
","38.184832, 120.762450
",38.184832,120.76245,Field,Meretrix meretrix,Clam,2013,OsHV-1,,Snowball,saltwater clam
5,Sanmartín et al. 2016,Sanmartín,2016,Evidence of vertical transmission of ostreid herpesvirus 1 in the Portuguese oyster Crassostrea angulata,https://www.sciencedirect.com/science/article/abs/pii/S0022201116301240?via%3Dihub,"Experimental Shellfish Station of Tavira (IPMA), Ria Formosa, Portugal",Portugal,NA,"37.121704, -7.620029","37.121704, -7.620029",37.121704,-7.620029,Field,Crassostrea angulata,Other Oyster,NA,OsHV-1 μvar,,Snowball,
6,Serraca et al. 2016,Serraca,2016,"Mortality and ostreid herpesvirus 1 infection in the pacific oyster Crassostrea gigas in the Gulf of La Spezia, Italy",https://link.springer.com/article/10.1007/s10499-015-9919-2,"Gulf of La Spezia, Italy",Italy,NA,"44.099972, 9.837052","44.099972, 9.837052",44.099972,9.837052,Field,Magallana gigas,Pacific Oyster,2011,OsHV-1,,Snowball,
6,Serraca et al. 2016,Serraca,2016,"Mortality and ostreid herpesvirus 1 infection in the pacific oyster Crassostrea gigas in the Gulf of La Spezia, Italy",https://link.springer.com/article/10.1007/s10499-015-9919-2,"Gulf of La Spezia, Italy",Italy,NA,"44.099972, 9.837052","44.099972, 9.837052",44.099972,9.837052,Field,Magallana gigas,Pacific Oyster,2012,OsHV-1,,Snowball,
6,Serraca et al. 2016,Serraca,2016,"Mortality and ostreid herpesvirus 1 infection in the pacific oyster Crassostrea gigas in the Gulf of La Spezia, Italy",https://link.springer.com/article/10.1007/s10499-015-9919-2,"Gulf of La Spezia, Italy",Italy,NA,"44.099972, 9.837052","44.099972, 9.837052",44.099972,9.837052,Field,Magallana gigas,Pacific Oyster,2013,OsHV-1,,Snowball,
7,Batista et al. 2015,Batista,2015,Sequence variation in ostreid herpesvirus 1 microvar isolates detected in dying and asymptomatic Crassostrea angulata adults in the Iberian Peninsula: Insights into viral origin and spread,https://www.sciencedirect.com/science/article/pii/S0044848614004657?via%3Dihub,"Ria Formosa, Portugal",Portugal,NA,"37.121704, -7.620029","37.121704, -7.620029",37.121704,-7.620029,Lab,Crassostrea angulata,Other Oyster,2011,OsHV-1,,Snowball,
7,Batista et al. 2015,Batista,2015,Sequence variation in ostreid herpesvirus 1 microvar isolates detected in dying and asymptomatic Crassostrea angulata adults in the Iberian Peninsula: Insights into viral origin and spread,https://www.sciencedirect.com/science/article/pii/S0044848614004657?via%3Dihub,"Ria Formosa, Portugal",Portugal,NA,"37.121704, -7.620029","37.121704, -7.620029",37.121704,-7.620029,Lab,Crassostrea angulata,Other Oyster,2013,OsHV-1,,Snowball,
7,Batista et al. 2015,Batista,2015,Sequence variation in ostreid herpesvirus 1 microvar isolates detected in dying and asymptomatic Crassostrea angulata adults in the Iberian Peninsula: Insights into viral origin and spread,https://www.sciencedirect.com/science/article/pii/S0044848614004657?via%3Dihub,"Carreras River, Spain",Spain,NA,"37.198015, -7.309393","37.198015, -7.309393",37.198015,-7.309393,Field,Crassostrea angulata,Other Oyster,2013,OsHV-1,,,
8,Xin et al. 2018,Xin,2018,"Ostreid Herpesvirus-1 Infects Specific Hemocytes in Ark Clam, Scapharca broughtonii",https://www.mdpi.com/1999-4915/10/10/529,"Qingdao, China",China,NA,"36.053318, 120.291358

","36.053318, 120.291358

",36.053318,120.291358,Lab,Scapharca broughtonii,Clam,NA,OsHV-1,,Snowball,
9,,,,,,,,,,,,,,,,,,,,
10,,,,,,,,,,,,,,,,,,,,
10,,,,,,,,,,,,,,,,,,,,
11,Bai et al. 2016,Bai,2016,Identification and characterization of ostreid herpesvirus 1 associated with massive mortalities of Scapharca broughtonii broodstocks in China,https://www.int-res.com/abstracts/dao/v118/n1/p65-75/,"ChangD, Changdong Province, China",China,NA,"37.852516, 120.824291","37.852516, 120.824291",37.852516,120.824291,Field,Scapharca broughtonii,Clam,2012,OsHV-1,,Snowball,
11,Bai et al. 2016,Bai,2016,Identification and characterization of ostreid herpesvirus 1 associated with massive mortalities of Scapharca broughtonii broodstocks in China,https://www.int-res.com/abstracts/dao/v118/n1/p65-75/,"ChangD, Changdong Province, China",China,NA,"37.852516, 120.824291","37.852516, 120.824291",37.852516,120.824291,Field,Scapharca broughtonii,Clam,2013,OsHV-1,,Snowball,
12,Renault et al. 2012,Renault,2012,Analysis of Clinical Ostreid Herpesvirus 1 (Malacoherpesviridae) Specimens by Sequencing Amplified Fragments from Three Virus Genome Areas,https://journals.asm.org/doi/10.1128/JVI.06534-11,France,France,NA,"49.717346, -1.907873","49.717346, -1.907873",49.717346,-1.907873,Field,Magallana gigas,Pacific Oyster,1993,OsHV-1,,Snowball,
12,Renault et al. 2012,Renault,2012,Analysis of Clinical Ostreid Herpesvirus 1 (Malacoherpesviridae) Specimens by Sequencing Amplified Fragments from Three Virus Genome Areas,https://journals.asm.org/doi/10.1128/JVI.06534-11,France,France,NA,"49.717346, -1.907873","49.717346, -1.907873",49.717346,-1.907873,Field,Magallana gigas,Pacific Oyster,1993,OsHV-1,,Snowball,
12,Renault et al. 2012,Renault,2012,Analysis of Clinical Ostreid Herpesvirus 1 (Malacoherpesviridae) Specimens by Sequencing Amplified Fragments from Three Virus Genome Areas,https://journals.asm.org/doi/10.1128/JVI.06534-11,France,France,NA,"49.717346, -1.907873","49.717346, -1.907873",49.717346,-1.907873,Field,Magallana gigas,Pacific Oyster,1993,OsHV-1,,Snowball,
12,Renault et al. 2012,Renault,2012,Analysis of Clinical Ostreid Herpesvirus 1 (Malacoherpesviridae) Specimens by Sequencing Amplified Fragments from Three Virus Genome Areas,https://journals.asm.org/doi/10.1128/JVI.06534-11,France,France,NA,"49.717346, -1.907873","49.717346, -1.907873",49.717346,-1.907873,Field,Magallana gigas,Pacific Oyster,1994,OsHV-1,,Snowball,
12,Renault et al. 2012,Renault,2012,Analysis of Clinical Ostreid Herpesvirus 1 (Malacoherpesviridae) Specimens by Sequencing Amplified Fragments from Three Virus Genome Areas,https://journals.asm.org/doi/10.1128/JVI.06534-11,France,France,NA,"49.717346, -1.907873","49.717346, -1.907873",49.717346,-1.907873,Field,Magallana gigas,Pacific Oyster,1994,OsHV-1,,Snowball,
12,Renault et al. 2012,Renault,2012,Analysis of Clinical Ostreid Herpesvirus 1 (Malacoherpesviridae) Specimens by Sequencing Amplified Fragments from Three Virus Genome Areas,https://journals.asm.org/doi/10.1128/JVI.06534-11,France,France,NA,"49.717346, -1.907873","49.717346, -1.907873",49.717346,-1.907873,Field,Magallana gigas,Pacific Oyster,1994,OsHV-1,,Snowball,
12,Renault et al. 2012,Renault,2012,Analysis of Clinical Ostreid Herpesvirus 1 (Malacoherpesviridae) Specimens by Sequencing Amplified Fragments from Three Virus Genome Areas,https://journals.asm.org/doi/10.1128/JVI.06534-11,France,France,NA,"49.717346, -1.907873","49.717346, -1.907873",49.717346,-1.907873,Field,Magallana gigas,Pacific Oyster,1994,OsHV-1,,Snowball,
12,Renault et al. 2012,Renault,2012,Analysis of Clinical Ostreid Herpesvirus 1 (Malacoherpesviridae) Specimens by Sequencing Amplified Fragments from Three Virus Genome Areas,https://journals.asm.org/doi/10.1128/JVI.06534-11,France,France,NA,"49.717346, -1.907873","49.717346, -1.907873",49.717346,-1.907873,Field,Magallana gigas,Pacific Oyster,1995,OsHV-1,,Snowball,
12,Renault et al. 2012,Renault,2012,Analysis of Clinical Ostreid Herpesvirus 1 (Malacoherpesviridae) Specimens by Sequencing Amplified Fragments from Three Virus Genome Areas,https://journals.asm.org/doi/10.1128/JVI.06534-11,France,France,NA,"49.717346, -1.907873","49.717346, -1.907873",49.717346,-1.907873,Field,Magallana gigas,Pacific Oyster,1995,OsHV-1,,Snowball,
12,Renault et al. 2012,Renault,2012,Analysis of Clinical Ostreid Herpesvirus 1 (Malacoherpesviridae) Specimens by Sequencing Amplified Fragments from Three Virus Genome Areas,https://journals.asm.org/doi/10.1128/JVI.06534-11,France,France,NA,"49.717346, -1.907873","49.717346, -1.907873",49.717346,-1.907873,Field,Magallana gigas,Pacific Oyster,1995,OsHV-1,,Snowball,
12,Renault et al. 2012,Renault,2012,Analysis of Clinical Ostreid Herpesvirus 1 (Malacoherpesviridae) Specimens by Sequencing Amplified Fragments from Three Virus Genome Areas,https://journals.asm.org/doi/10.1128/JVI.06534-11,France,France,NA,"49.717346, -1.907873","49.717346, -1.907873",49.717346,-1.907873,Field,Magallana gigas,Pacific Oyster,2003,OsHV-1,,Snowball,
12,Renault et al. 2012,Renault,2012,Analysis of Clinical Ostreid Herpesvirus 1 (Malacoherpesviridae) Specimens by Sequencing Amplified Fragments from Three Virus Genome Areas,https://journals.asm.org/doi/10.1128/JVI.06534-11,France,France,NA,"49.717346, -1.907873","49.717346, -1.907873",49.717346,-1.907873,Field,Magallana gigas,Pacific Oyster,2003,OsHV-1,,Snowball,
12,Renault et al. 2012,Renault,2012,Analysis of Clinical Ostreid Herpesvirus 1 (Malacoherpesviridae) Specimens by Sequencing Amplified Fragments from Three Virus Genome Areas,https://journals.asm.org/doi/10.1128/JVI.06534-11,France,France,NA,"49.717346, -1.907873","49.717346, -1.907873",49.717346,-1.907873,Field,Magallana gigas,Pacific Oyster,2003,OsHV-1,,Snowball,
12,Renault et al. 2012,Renault,2012,Analysis of Clinical Ostreid Herpesvirus 1 (Malacoherpesviridae) Specimens by Sequencing Amplified Fragments from Three Virus Genome Areas,https://journals.asm.org/doi/10.1128/JVI.06534-11,France,France,NA,"49.717346, -1.907873","49.717346, -1.907873",49.717346,-1.907873,Field,Magallana gigas,Pacific Oyster,2003,OsHV-1,,Snowball,
12,Renault et al. 2012,Renault,2012,Analysis of Clinical Ostreid Herpesvirus 1 (Malacoherpesviridae) Specimens by Sequencing Amplified Fragments from Three Virus Genome Areas,https://journals.asm.org/doi/10.1128/JVI.06534-11,France,France,NA,"49.717346, -1.907873","49.717346, -1.907873",49.717346,-1.907873,Field,Magallana gigas,Pacific Oyster,2003,OsHV-1,,Snowball,
12,Renault et al. 2012,Renault,2012,Analysis of Clinical Ostreid Herpesvirus 1 (Malacoherpesviridae) Specimens by Sequencing Amplified Fragments from Three Virus Genome Areas,https://journals.asm.org/doi/10.1128/JVI.06534-11,France,France,NA,"49.717346, -1.907873","49.717346, -1.907873",49.717346,-1.907873,Field,Magallana gigas,Pacific Oyster,2003,OsHV-1,,Snowball,
12,Renault et al. 2012,Renault,2012,Analysis of Clinical Ostreid Herpesvirus 1 (Malacoherpesviridae) Specimens by Sequencing Amplified Fragments from Three Virus Genome Areas,https://journals.asm.org/doi/10.1128/JVI.06534-11,France,France,NA,"49.717346, -1.907873","49.717346, -1.907873",49.717346,-1.907873,Field,Magallana gigas,Pacific Oyster,2005,OsHV-1,,Snowball,
12,Renault et al. 2012,Renault,2012,Analysis of Clinical Ostreid Herpesvirus 1 (Malacoherpesviridae) Specimens by Sequencing Amplified Fragments from Three Virus Genome Areas,https://journals.asm.org/doi/10.1128/JVI.06534-11,France,France,NA,"49.717346, -1.907873","49.717346, -1.907873",49.717346,-1.907873,Field,Magallana gigas,Pacific Oyster,2005,OsHV-1,,Snowball,
12,Renault et al. 2012,Renault,2012,Analysis of Clinical Ostreid Herpesvirus 1 (Malacoherpesviridae) Specimens by Sequencing Amplified Fragments from Three Virus Genome Areas,https://journals.asm.org/doi/10.1128/JVI.06534-11,France,France,NA,"49.717346, -1.907873","49.717346, -1.907873",49.717346,-1.907873,Field,Magallana gigas,Pacific Oyster,2005,OsHV-1,,Snowball,
12,Renault et al. 2012,Renault,2012,Analysis of Clinical Ostreid Herpesvirus 1 (Malacoherpesviridae) Specimens by Sequencing Amplified Fragments from Three Virus Genome Areas,https://journals.asm.org/doi/10.1128/JVI.06534-11,France,France,NA,"49.717346, -1.907873","49.717346, -1.907873",49.717346,-1.907873,Field,Magallana gigas,Pacific Oyster,2005,OsHV-1,,Snowball,
12,Renault et al. 2012,Renault,2012,Analysis of Clinical Ostreid Herpesvirus 1 (Malacoherpesviridae) Specimens by Sequencing Amplified Fragments from Three Virus Genome Areas,https://journals.asm.org/doi/10.1128/JVI.06534-11,France,France,NA,"49.717346, -1.907873","49.717346, -1.907873",49.717346,-1.907873,Field,Magallana gigas,Pacific Oyster,2006,OsHV-1,,Snowball,
12,Renault et al. 2012,Renault,2012,Analysis of Clinical Ostreid Herpesvirus 1 (Malacoherpesviridae) Specimens by Sequencing Amplified Fragments from Three Virus Genome Areas,https://journals.asm.org/doi/10.1128/JVI.06534-11,France,France,NA,"49.717346, -1.907873","49.717346, -1.907873",49.717346,-1.907873,Field,Magallana gigas,Pacific Oyster,2006,OsHV-1,,Snowball,
12,Renault et al. 2012,Renault,2012,Analysis of Clinical Ostreid Herpesvirus 1 (Malacoherpesviridae) Specimens by Sequencing Amplified Fragments from Three Virus Genome Areas,https://journals.asm.org/doi/10.1128/JVI.06534-11,France,France,NA,"49.717346, -1.907873","49.717346, -1.907873",49.717346,-1.907873,Field,Magallana gigas,Pacific Oyster,2006,OsHV-1,,Snowball,
12,Renault et al. 2012,Renault,2012,Analysis of Clinical Ostreid Herpesvirus 1 (Malacoherpesviridae) Specimens by Sequencing Amplified Fragments from Three Virus Genome Areas,https://journals.asm.org/doi/10.1128/JVI.06534-11,France,France,NA,"49.717346, -1.907873","49.717346, -1.907873",49.717346,-1.907873,Field,Magallana gigas,Pacific Oyster,2006,OsHV-1,,Snowball,
12,Renault et al. 2012,Renault,2012,Analysis of Clinical Ostreid Herpesvirus 1 (Malacoherpesviridae) Specimens by Sequencing Amplified Fragments from Three Virus Genome Areas,https://journals.asm.org/doi/10.1128/JVI.06534-11,France,France,NA,"49.717346, -1.907873","49.717346, -1.907873",49.717346,-1.907873,Field,Magallana gigas,Pacific Oyster,2006,OsHV-1,,Snowball,
12,Renault et al. 2012,Renault,2012,Analysis of Clinical Ostreid Herpesvirus 1 (Malacoherpesviridae) Specimens by Sequencing Amplified Fragments from Three Virus Genome Areas,https://journals.asm.org/doi/10.1128/JVI.06534-11,France,France,NA,"49.717346, -1.907873","49.717346, -1.907873",49.717346,-1.907873,Field,Magallana gigas,Pacific Oyster,2006,OsHV-1,,Snowball,
12,Renault et al. 2012,Renault,2012,Analysis of Clinical Ostreid Herpesvirus 1 (Malacoherpesviridae) Specimens by Sequencing Amplified Fragments from Three Virus Genome Areas,https://journals.asm.org/doi/10.1128/JVI.06534-11,France,France,NA,"49.717346, -1.907873","49.717346, -1.907873",49.717346,-1.907873,Field,Magallana gigas,Pacific Oyster,2007,OsHV-1,,Snowball,
12,Renault et al. 2012,Renault,2012,Analysis of Clinical Ostreid Herpesvirus 1 (Malacoherpesviridae) Specimens by Sequencing Amplified Fragments from Three Virus Genome Areas,https://journals.asm.org/doi/10.1128/JVI.06534-11,France,France,NA,"49.717346, -1.907873","49.717346, -1.907873",49.717346,-1.907873,Field,Magallana gigas,Pacific Oyster,2007,OsHV-1,,Snowball,
12,Renault et al. 2012,Renault,2012,Analysis of Clinical Ostreid Herpesvirus 1 (Malacoherpesviridae) Specimens by Sequencing Amplified Fragments from Three Virus Genome Areas,https://journals.asm.org/doi/10.1128/JVI.06534-11,France,France,NA,"49.717346, -1.907873","49.717346, -1.907873",49.717346,-1.907873,Field,Magallana gigas,Pacific Oyster,2007,OsHV-1,,Snowball,
12,Renault et al. 2012,Renault,2012,Analysis of Clinical Ostreid Herpesvirus 1 (Malacoherpesviridae) Specimens by Sequencing Amplified Fragments from Three Virus Genome Areas,https://journals.asm.org/doi/10.1128/JVI.06534-11,France,France,NA,"49.717346, -1.907873","49.717346, -1.907873",49.717346,-1.907873,Field,Magallana gigas,Pacific Oyster,2007,OsHV-1,,Snowball,
12,Renault et al. 2012,Renault,2012,Analysis of Clinical Ostreid Herpesvirus 1 (Malacoherpesviridae) Specimens by Sequencing Amplified Fragments from Three Virus Genome Areas,https://journals.asm.org/doi/10.1128/JVI.06534-11,France,France,NA,"49.717346, -1.907873","49.717346, -1.907873",49.717346,-1.907873,Field,Magallana gigas,Pacific Oyster,2007,OsHV-1,,Snowball,
12,Renault et al. 2012,Renault,2012,Analysis of Clinical Ostreid Herpesvirus 1 (Malacoherpesviridae) Specimens by Sequencing Amplified Fragments from Three Virus Genome Areas,https://journals.asm.org/doi/10.1128/JVI.06534-11,France,France,NA,"49.717346, -1.907873","49.717346, -1.907873",49.717346,-1.907873,Field,Magallana gigas,Pacific Oyster,2007,OsHV-1,,Snowball,
12,Renault et al. 2012,Renault,2012,Analysis of Clinical Ostreid Herpesvirus 1 (Malacoherpesviridae) Specimens by Sequencing Amplified Fragments from Three Virus Genome Areas,https://journals.asm.org/doi/10.1128/JVI.06534-11,France,France,NA,"49.717346, -1.907873","49.717346, -1.907873",49.717346,-1.907873,Field,Magallana gigas,Pacific Oyster,2007,OsHV-1,,Snowball,
12,Renault et al. 2012,Renault,2012,Analysis of Clinical Ostreid Herpesvirus 1 (Malacoherpesviridae) Specimens by Sequencing Amplified Fragments from Three Virus Genome Areas,https://journals.asm.org/doi/10.1128/JVI.06534-11,France,France,NA,"49.717346, -1.907873","49.717346, -1.907873",49.717346,-1.907873,Field,Magallana gigas,Pacific Oyster,2007,OsHV-1,,Snowball,
12,Renault et al. 2012,Renault,2012,Analysis of Clinical Ostreid Herpesvirus 1 (Malacoherpesviridae) Specimens by Sequencing Amplified Fragments from Three Virus Genome Areas,https://journals.asm.org/doi/10.1128/JVI.06534-11,France,France,NA,"49.717346, -1.907873","49.717346, -1.907873",49.717346,-1.907873,Field,Magallana gigas,Pacific Oyster,2007,OsHV-1,,Snowball,
12,Renault et al. 2012,Renault,2012,Analysis of Clinical Ostreid Herpesvirus 1 (Malacoherpesviridae) Specimens by Sequencing Amplified Fragments from Three Virus Genome Areas,https://journals.asm.org/doi/10.1128/JVI.06534-11,France,France,NA,"49.717346, -1.907873","49.717346, -1.907873",49.717346,-1.907873,Field,Magallana gigas,Pacific Oyster,2008,OsHV-1,,Snowball,
12,Renault et al. 2012,Renault,2012,Analysis of Clinical Ostreid Herpesvirus 1 (Malacoherpesviridae) Specimens by Sequencing Amplified Fragments from Three Virus Genome Areas,https://journals.asm.org/doi/10.1128/JVI.06534-11,France,France,NA,"49.717346, -1.907873","49.717346, -1.907873",49.717346,-1.907873,Field,Magallana gigas,Pacific Oyster,2008,OsHV-1,,Snowball,
12,Renault et al. 2012,Renault,2012,Analysis of Clinical Ostreid Herpesvirus 1 (Malacoherpesviridae) Specimens by Sequencing Amplified Fragments from Three Virus Genome Areas,https://journals.asm.org/doi/10.1128/JVI.06534-11,France,France,NA,"49.717346, -1.907873","49.717346, -1.907873",49.717346,-1.907873,Field,Magallana gigas,Pacific Oyster,2008,OsHV-1,,Snowball,
12,Renault et al. 2012,Renault,2012,Analysis of Clinical Ostreid Herpesvirus 1 (Malacoherpesviridae) Specimens by Sequencing Amplified Fragments from Three Virus Genome Areas,https://journals.asm.org/doi/10.1128/JVI.06534-11,France,France,NA,"49.717346, -1.907873","49.717346, -1.907873",49.717346,-1.907873,Field,Magallana gigas,Pacific Oyster,2008,OsHV-1,,Snowball,
12,Renault et al. 2012,Renault,2012,Analysis of Clinical Ostreid Herpesvirus 1 (Malacoherpesviridae) Specimens by Sequencing Amplified Fragments from Three Virus Genome Areas,https://journals.asm.org/doi/10.1128/JVI.06534-11,France,France,NA,"49.717346, -1.907873","49.717346, -1.907873",49.717346,-1.907873,Field,Magallana gigas,Pacific Oyster,2008,OsHV-1,,Snowball,
12,Renault et al. 2012,Renault,2012,Analysis of Clinical Ostreid Herpesvirus 1 (Malacoherpesviridae) Specimens by Sequencing Amplified Fragments from Three Virus Genome Areas,https://journals.asm.org/doi/10.1128/JVI.06534-11,France,France,NA,"49.717346, -1.907873","49.717346, -1.907873",49.717346,-1.907873,Field,Magallana gigas,Pacific Oyster,2008,OsHV-1,,Snowball,
12,Renault et al. 2012,Renault,2012,Analysis of Clinical Ostreid Herpesvirus 1 (Malacoherpesviridae) Specimens by Sequencing Amplified Fragments from Three Virus Genome Areas,https://journals.asm.org/doi/10.1128/JVI.06534-11,France,France,NA,"49.717346, -1.907873","49.717346, -1.907873",49.717346,-1.907873,Field,Magallana gigas,Pacific Oyster,2008,OsHV-1,,Snowball,
12,Renault et al. 2012,Renault,2012,Analysis of Clinical Ostreid Herpesvirus 1 (Malacoherpesviridae) Specimens by Sequencing Amplified Fragments from Three Virus Genome Areas,https://journals.asm.org/doi/10.1128/JVI.06534-11,France,France,NA,"49.717346, -1.907873","49.717346, -1.907873",49.717346,-1.907873,Field,Magallana gigas,Pacific Oyster,2008,OsHV-1,,Snowball,
12,Renault et al. 2012,Renault,2012,Analysis of Clinical Ostreid Herpesvirus 1 (Malacoherpesviridae) Specimens by Sequencing Amplified Fragments from Three Virus Genome Areas,https://journals.asm.org/doi/10.1128/JVI.06534-11,France,France,NA,"49.717346, -1.907873","49.717346, -1.907873",49.717346,-1.907873,Field,Magallana gigas,Pacific Oyster,2008,OsHV-1,,Snowball,
12,Renault et al. 2012,Renault,2012,Analysis of Clinical Ostreid Herpesvirus 1 (Malacoherpesviridae) Specimens by Sequencing Amplified Fragments from Three Virus Genome Areas,https://journals.asm.org/doi/10.1128/JVI.06534-11,France,France,NA,"49.717346, -1.907873","49.717346, -1.907873",49.717346,-1.907873,Field,Magallana gigas,Pacific Oyster,2008,OsHV-1,,Snowball,
12,Renault et al. 2012,Renault,2012,Analysis of Clinical Ostreid Herpesvirus 1 (Malacoherpesviridae) Specimens by Sequencing Amplified Fragments from Three Virus Genome Areas,https://journals.asm.org/doi/10.1128/JVI.06534-11,France,France,NA,"49.717346, -1.907873","49.717346, -1.907873",49.717346,-1.907873,Field,Magallana gigas,Pacific Oyster,2008,OsHV-1,,Snowball,
12,Renault et al. 2012,Renault,2012,Analysis of Clinical Ostreid Herpesvirus 1 (Malacoherpesviridae) Specimens by Sequencing Amplified Fragments from Three Virus Genome Areas,https://journals.asm.org/doi/10.1128/JVI.06534-11,France,France,NA,"49.717346, -1.907873","49.717346, -1.907873",49.717346,-1.907873,Field,Magallana gigas,Pacific Oyster,2008,OsHV-1,,Snowball,
12,Renault et al. 2012,Renault,2012,Analysis of Clinical Ostreid Herpesvirus 1 (Malacoherpesviridae) Specimens by Sequencing Amplified Fragments from Three Virus Genome Areas,https://journals.asm.org/doi/10.1128/JVI.06534-11,France,France,NA,"49.717346, -1.907873","49.717346, -1.907873",49.717346,-1.907873,Field,Magallana gigas,Pacific Oyster,2008,OsHV-1,,Snowball,
12,Renault et al. 2012,Renault,2012,Analysis of Clinical Ostreid Herpesvirus 1 (Malacoherpesviridae) Specimens by Sequencing Amplified Fragments from Three Virus Genome Areas,https://journals.asm.org/doi/10.1128/JVI.06534-11,France,France,NA,"49.717346, -1.907873","49.717346, -1.907873",49.717346,-1.907873,Field,Magallana gigas,Pacific Oyster,2008,OsHV-1,,Snowball,
12,Renault et al. 2012,Renault,2012,Analysis of Clinical Ostreid Herpesvirus 1 (Malacoherpesviridae) Specimens by Sequencing Amplified Fragments from Three Virus Genome Areas,https://journals.asm.org/doi/10.1128/JVI.06534-11,France,France,NA,"49.717346, -1.907873","49.717346, -1.907873",49.717346,-1.907873,Field,Magallana gigas,Pacific Oyster,2008,OsHV-1,,Snowball,
12,Renault et al. 2012,Renault,2012,Analysis of Clinical Ostreid Herpesvirus 1 (Malacoherpesviridae) Specimens by Sequencing Amplified Fragments from Three Virus Genome Areas,https://journals.asm.org/doi/10.1128/JVI.06534-11,France,France,NA,"49.717346, -1.907873","49.717346, -1.907873",49.717346,-1.907873,Field,Magallana gigas,Pacific Oyster,2009,OsHV-1,,Snowball,
12,Renault et al. 2012,Renault,2012,Analysis of Clinical Ostreid Herpesvirus 1 (Malacoherpesviridae) Specimens by Sequencing Amplified Fragments from Three Virus Genome Areas,https://journals.asm.org/doi/10.1128/JVI.06534-11,France,France,NA,"49.717346, -1.907873","49.717346, -1.907873",49.717346,-1.907873,Field,Magallana gigas,Pacific Oyster,2009,OsHV-1,,Snowball,
12,Renault et al. 2012,Renault,2012,Analysis of Clinical Ostreid Herpesvirus 1 (Malacoherpesviridae) Specimens by Sequencing Amplified Fragments from Three Virus Genome Areas,https://journals.asm.org/doi/10.1128/JVI.06534-11,France,France,NA,"49.717346, -1.907873","49.717346, -1.907873",49.717346,-1.907873,Field,Magallana gigas,Pacific Oyster,2009,OsHV-1,,Snowball,
12,Renault et al. 2012,Renault,2012,Analysis of Clinical Ostreid Herpesvirus 1 (Malacoherpesviridae) Specimens by Sequencing Amplified Fragments from Three Virus Genome Areas,https://journals.asm.org/doi/10.1128/JVI.06534-11,France,France,NA,"49.717346, -1.907873","49.717346, -1.907873",49.717346,-1.907873,Field,Magallana gigas,Pacific Oyster,2009,OsHV-1,,Snowball,
12,Renault et al. 2012,Renault,2012,Analysis of Clinical Ostreid Herpesvirus 1 (Malacoherpesviridae) Specimens by Sequencing Amplified Fragments from Three Virus Genome Areas,https://journals.asm.org/doi/10.1128/JVI.06534-11,France,France,NA,"49.717346, -1.907873","49.717346, -1.907873",49.717346,-1.907873,Field,Magallana gigas,Pacific Oyster,2009,OsHV-1,,Snowball,
12,Renault et al. 2012,Renault,2012,Analysis of Clinical Ostreid Herpesvirus 1 (Malacoherpesviridae) Specimens by Sequencing Amplified Fragments from Three Virus Genome Areas,https://journals.asm.org/doi/10.1128/JVI.06534-11,France,France,NA,"49.717346, -1.907873","49.717346, -1.907873",49.717346,-1.907873,Field,Magallana gigas,Pacific Oyster,2010,OsHV-1,,Snowball,
12,Renault et al. 2012,Renault,2012,Analysis of Clinical Ostreid Herpesvirus 1 (Malacoherpesviridae) Specimens by Sequencing Amplified Fragments from Three Virus Genome Areas,https://journals.asm.org/doi/10.1128/JVI.06534-11,France,France,NA,"49.717346, -1.907873","49.717346, -1.907873",49.717346,-1.907873,Field,Magallana gigas,Pacific Oyster,2010,OsHV-1,,Snowball,
12,Renault et al. 2012,Renault,2012,Analysis of Clinical Ostreid Herpesvirus 1 (Malacoherpesviridae) Specimens by Sequencing Amplified Fragments from Three Virus Genome Areas,https://journals.asm.org/doi/10.1128/JVI.06534-11,France,France,NA,"49.717346, -1.907873","49.717346, -1.907873",49.717346,-1.907873,Field,Magallana gigas,Pacific Oyster,2010,OsHV-1,,Snowball,
12,Renault et al. 2012,Renault,2012,Analysis of Clinical Ostreid Herpesvirus 1 (Malacoherpesviridae) Specimens by Sequencing Amplified Fragments from Three Virus Genome Areas,https://journals.asm.org/doi/10.1128/JVI.06534-11,France,France,NA,"49.717346, -1.907873","49.717346, -1.907873",49.717346,-1.907873,Field,Magallana gigas,Pacific Oyster,2010,OsHV-1,,Snowball,
12,Renault et al. 2012,Renault,2012,Analysis of Clinical Ostreid Herpesvirus 1 (Malacoherpesviridae) Specimens by Sequencing Amplified Fragments from Three Virus Genome Areas,https://journals.asm.org/doi/10.1128/JVI.06534-11,France,France,NA,"49.717346, -1.907873","49.717346, -1.907873",49.717346,-1.907873,Field,Magallana gigas,Pacific Oyster,2010,OsHV-1,,Snowball,
12,Renault et al. 2012,Renault,2012,Analysis of Clinical Ostreid Herpesvirus 1 (Malacoherpesviridae) Specimens by Sequencing Amplified Fragments from Three Virus Genome Areas,https://journals.asm.org/doi/10.1128/JVI.06534-11,France,France,NA,"49.717346, -1.907873","49.717346, -1.907873",49.717346,-1.907873,Field,Magallana gigas,Pacific Oyster,2010,OsHV-1,,Snowball,
12,Renault et al. 2012,Renault,2012,Analysis of Clinical Ostreid Herpesvirus 1 (Malacoherpesviridae) Specimens by Sequencing Amplified Fragments from Three Virus Genome Areas,https://journals.asm.org/doi/10.1128/JVI.06534-11,France,France,NA,"49.717346, -1.907873","49.717346, -1.907873",49.717346,-1.907873,Field,Magallana gigas,Pacific Oyster,2010,OsHV-1,,Snowball,
12,Renault et al. 2012,Renault,2012,Analysis of Clinical Ostreid Herpesvirus 1 (Malacoherpesviridae) Specimens by Sequencing Amplified Fragments from Three Virus Genome Areas,https://journals.asm.org/doi/10.1128/JVI.06534-11,France,France,NA,"49.717346, -1.907873","49.717346, -1.907873",49.717346,-1.907873,Field,Magallana gigas,Pacific Oyster,2010,OsHV-1,,Snowball,
12,Renault et al. 2012,Renault,2012,Analysis of Clinical Ostreid Herpesvirus 1 (Malacoherpesviridae) Specimens by Sequencing Amplified Fragments from Three Virus Genome Areas,https://journals.asm.org/doi/10.1128/JVI.06534-11,China,China,NA,"36.053318, 120.291358

","36.053318, 120.291358

",36.053318,120.291358,Field,Magallana gigas,Pacific Oyster,2002,OsHV-1,,Snowball,
12,Renault et al. 2012,Renault,2012,Analysis of Clinical Ostreid Herpesvirus 1 (Malacoherpesviridae) Specimens by Sequencing Amplified Fragments from Three Virus Genome Areas,https://journals.asm.org/doi/10.1128/JVI.06534-11,USA (California),USA,NA,"38.205431, -122.939066

","38.205431, -122.939066

",38.205431,-122.939066,Field,Magallana gigas,Pacific Oyster,2007,OsHV-1,,Snowball,
12,Renault et al. 2012,Renault,2012,Analysis of Clinical Ostreid Herpesvirus 1 (Malacoherpesviridae) Specimens by Sequencing Amplified Fragments from Three Virus Genome Areas,https://journals.asm.org/doi/10.1128/JVI.06534-11,Japan,Japan,NA,"33.017331, 130.183847

","33.017331, 130.183847

",33.017331,130.183847,Field,Magallana gigas,Pacific Oyster,2010,OsHV-1,,Snowball,
12,Renault et al. 2012,Renault,2012,Analysis of Clinical Ostreid Herpesvirus 1 (Malacoherpesviridae) Specimens by Sequencing Amplified Fragments from Three Virus Genome Areas,https://journals.asm.org/doi/10.1128/JVI.06534-11,Ireland,Ireland,NA,"-41.283525, 174.832068

","-41.283525, 174.832068

",-41.283525,174.832068,Field,Magallana gigas,Pacific Oyster,2009,OsHV-1,,Snowball,
12,Renault et al. 2012,Renault,2012,Analysis of Clinical Ostreid Herpesvirus 1 (Malacoherpesviridae) Specimens by Sequencing Amplified Fragments from Three Virus Genome Areas,https://journals.asm.org/doi/10.1128/JVI.06534-11,New Zealand,New Zealand,NA,"-41.283525, 174.832068

","-41.283525, 174.832068

",-41.283525,174.832068,Field,Magallana gigas,Pacific Oyster,2010,OsHV-1,,Snowball,
12,Renault et al. 2012,Renault,2012,Analysis of Clinical Ostreid Herpesvirus 1 (Malacoherpesviridae) Specimens by Sequencing Amplified Fragments from Three Virus Genome Areas,https://journals.asm.org/doi/10.1128/JVI.06534-11,New Zealand,New Zealand,NA,"-41.283525, 174.832068

","-41.283525, 174.832068

",-41.283525,174.832068,Field,Magallana gigas,Pacific Oyster,2010,OsHV-1,,Snowball,
12,Renault et al. 2012,Renault,2012,Analysis of Clinical Ostreid Herpesvirus 1 (Malacoherpesviridae) Specimens by Sequencing Amplified Fragments from Three Virus Genome Areas,https://journals.asm.org/doi/10.1128/JVI.06534-11,New Zealand,New Zealand,NA,"-41.283525, 174.832068

","-41.283525, 174.832068

",-41.283525,174.832068,Field,Magallana gigas,Pacific Oyster,2005,OsHV-1 μvar,,Snowball,
12,Renault et al. 2012,Renault,2012,Analysis of Clinical Ostreid Herpesvirus 1 (Malacoherpesviridae) Specimens by Sequencing Amplified Fragments from Three Virus Genome Areas,https://journals.asm.org/doi/10.1128/JVI.06534-11,New Zealand,New Zealand,NA,"-41.283525, 174.832068

","-41.283525, 174.832068

",-41.283525,174.832068,Field,Magallana gigas,Pacific Oyster,2005,OsHV-1 μvar,,Snowball,
12,Renault et al. 2012,Renault,2012,Analysis of Clinical Ostreid Herpesvirus 1 (Malacoherpesviridae) Specimens by Sequencing Amplified Fragments from Three Virus Genome Areas,https://journals.asm.org/doi/10.1128/JVI.06534-11,New Zealand,New Zealand,NA,"-41.283525, 174.832068

","-41.283525, 174.832068

",-41.283525,174.832068,Field,Magallana gigas,Pacific Oyster,2005,OsHV-1 μvar,,Snowball,
13,Moss et al. 2007,Moss,2007,Pathogens in Crassostrea ariakensis and other Asian oyster species: implications for non-native oyster introduction to Chesapeake Bay,https://www.int-res.com/abstracts/dao/v77/n3/p207-223/,"Itoki River, Ariake Bay, Japan",Japan,NA,"33.017331, 130.183847

","33.017331, 130.183847

",33.017331,130.183847,Field,Crassostrea ariakensis,Other oyster,1999,OsHV-1,,Snowball,
13,Moss et al. 2007,Moss,2007,Pathogens in Crassostrea ariakensis and other Asian oyster species: implications for non-native oyster introduction to Chesapeake Bay,https://www.int-res.com/abstracts/dao/v77/n3/p207-223/,"Mie Prefecture, Japan",Japan,NA,"34.291871, 136.892738

","34.291871, 136.892738

",34.291871,136.892738,Field,Crassostrea ariakensis,Other oyster,2005,OsHV-1,,Snowball,
13,Moss et al. 2007,Moss,2007,Pathogens in Crassostrea ariakensis and other Asian oyster species: implications for non-native oyster introduction to Chesapeake Bay,https://www.int-res.com/abstracts/dao/v77/n3/p207-223/,"Kahwa River, South Korea",Korea,NA,"35.045033, 126.345200","35.045033, 126.345200",35.045033,126.3452,Field,Crassostrea ariakensis,Other oyster,2004,OsHV-1,,Snowball,
13,Moss et al. 2007,Moss,2007,Pathogens in Crassostrea ariakensis and other Asian oyster species: implications for non-native oyster introduction to Chesapeake Bay,https://www.int-res.com/abstracts/dao/v77/n3/p207-223/,"Kanghwa Island, South Korea",Korea,NA,"37.691132, 126.379997","37.691132, 126.379997",37.691132,126.379997,Field,Crassostrea ariakensis,Other oyster,2004,OsHV-1,,Snowball,
13,Moss et al. 2007,Moss,2007,Pathogens in Crassostrea ariakensis and other Asian oyster species: implications for non-native oyster introduction to Chesapeake Bay,https://www.int-res.com/abstracts/dao/v77/n3/p207-223/,"Sumjin River, South Korea",Korea,NA,"34.683352, 127.292399

","34.683352, 127.292399

",34.683352,127.292399,Field,Crassostrea ariakensis,Other oyster,2004,OsHV-1,,Snowball,
13,Moss et al. 2007,Moss,2007,Pathogens in Crassostrea ariakensis and other Asian oyster species: implications for non-native oyster introduction to Chesapeake Bay,https://www.int-res.com/abstracts/dao/v77/n3/p207-223/,"Yamen River, China",China,NA,"22.104046, 113.082397","22.104046, 113.082397",22.104046,113.082397,Field,Crassostrea ariakensis,Other oyster,1999,OsHV-1,,Snowball,
13,Moss et al. 2007,Moss,2007,Pathogens in Crassostrea ariakensis and other Asian oyster species: implications for non-native oyster introduction to Chesapeake Bay,https://www.int-res.com/abstracts/dao/v77/n3/p207-223/,"Shouchang River, China",China,NA,"21.780572, 112.194075","21.780572, 112.194075",21.780572,112.194075,Field,Crassostrea ariakensis,Other oyster,1999,OsHV-1,,Snowball,
13,Moss et al. 2007,Moss,2007,Pathogens in Crassostrea ariakensis and other Asian oyster species: implications for non-native oyster introduction to Chesapeake Bay,https://www.int-res.com/abstracts/dao/v77/n3/p207-223/,"Dafen River, China",China,NA,"21.519281, 109.784833

","21.519281, 109.784833

",21.519281,109.784833,Field,Crassostrea ariakensis,Other oyster,1999,OsHV-1,,Snowball,
13,Moss et al. 2007,Moss,2007,Pathogens in Crassostrea ariakensis and other Asian oyster species: implications for non-native oyster introduction to Chesapeake Bay,https://www.int-res.com/abstracts/dao/v77/n3/p207-223/,"Chengcun, China",China,NA,"21.450543, 111.566180

","21.450543, 111.566180

",21.450543,111.56618,Field,Crassostrea ariakensis,Other oyster,2002,OsHV-1,,Snowball,
14,Renault et al. 2001,Renault,2001,A herpes-like virus infecting Crassostrea gigas and Ruditapes philippinarum larvae in France,https://onlinelibrary.wiley.com/doi/full/10.1046/j.1365-2761.2001.00300.x?casa_token=DNEj9k2OMDYAAAAA%3AZVQ-yQk2U1ZwzkvFr-Gh4-a5NuOSaAPbvA9K08yYDS8-8MKmBrlwGInGR3twelzEtwlxqvclaVo1G0Xr,"Normandy, France",France,NA,"49.717346, -1.907873","49.717346, -1.907873",49.717346,-1.907873,Field,Ruditapes phillipinarum,Clam,1997,OsHV-1,,Snowball,
14,Renault et al. 2001,Renault,2001,A herpes-like virus infecting Crassostrea gigas and Ruditapes philippinarum larvae in France,https://onlinelibrary.wiley.com/doi/full/10.1046/j.1365-2761.2001.00300.x?casa_token=DNEj9k2OMDYAAAAA%3AZVQ-yQk2U1ZwzkvFr-Gh4-a5NuOSaAPbvA9K08yYDS8-8MKmBrlwGInGR3twelzEtwlxqvclaVo1G0Xr,"Normandy, France",France,NA,"49.717346, -1.907873","49.717346, -1.907873",49.717346,-1.907873,Field,Magallana gigas,Pacific Oyster,1997,OsHV-1,,Snowball,
15,Renault et al. 2001,Renault,2001,A herpes-like virus infects a non-ostreid bivalve species: virus replication in Ruditapes philippinarum larvae,https://www.int-res.com/abstracts/dao/v45/n1/p1-7/,"Normandy, France",France,NA,"49.717346, -1.907873","49.717346, -1.907873",49.717346,-1.907873,Field,Ruditapes phillipinarum,Clam,1997,OsHV-1,,Snowball,
16,Burge et al. 2021,Burge,2021,"The first detection of a novel OsHV-1 microvariant in San Diego, California, USA",https://www.sciencedirect.com/science/article/abs/pii/S0022201121001038,"San Diego Bay, CA",USA,"32◦42′37.4“N, 117◦10’23.9“W",NA,"32.71038888888889, -117.17330555555556
",32.71038889,-117.1733056,Field,Magallana gigas,Pacific Oyster,2018,OsHV-1 μvar,,Snowball,https://www.vercalendario.info/en/how/convert-latitude-longitude-degrees-decimals.html
17,Segarra et al. 2010,Segarra,2010,"Detection and description of a particular Ostreid herpesvirus 1 genotype associated with massive mortality outbreaks of Pacific oysters, Crassostrea gigas, in France in 2008",https://www.sciencedirect.com/science/article/abs/pii/S0168170210002364?via%3Dihub,France,France,NA,"49.717346, -1.907873","49.717346, -1.907873",49.717346,-1.907873,Field,Magallana gigas,Pacific Oyster,2008,OsHV-1 μvar,,Snowball,
17,Segarra et al. 2010,Segarra,2010,"Detection and description of a particular Ostreid herpesvirus 1 genotype associated with massive mortality outbreaks of Pacific oysters, Crassostrea gigas, in France in 2008",https://www.sciencedirect.com/science/article/abs/pii/S0168170210002364?via%3Dihub,France,France,NA,"49.717346, -1.907873","49.717346, -1.907873",49.717346,-1.907873,Field,Magallana gigas,Pacific Oyster,2008,OsHV-1 μvar,,Snowball,
17,Segarra et al. 2010,Segarra,2010,"Detection and description of a particular Ostreid herpesvirus 1 genotype associated with massive mortality outbreaks of Pacific oysters, Crassostrea gigas, in France in 2008",https://www.sciencedirect.com/science/article/abs/pii/S0168170210002364?via%3Dihub,France,France,NA,"49.717346, -1.907873","49.717346, -1.907873",49.717346,-1.907873,Field,Magallana gigas,Pacific Oyster,2008,OsHV-1 μvar,,Snowball,
17,Segarra et al. 2010,Segarra,2010,"Detection and description of a particular Ostreid herpesvirus 1 genotype associated with massive mortality outbreaks of Pacific oysters, Crassostrea gigas, in France in 2008",https://www.sciencedirect.com/science/article/abs/pii/S0168170210002364?via%3Dihub,France,France,NA,"49.717346, -1.907873","49.717346, -1.907873",49.717346,-1.907873,Field,Magallana gigas,Pacific Oyster,2008,OsHV-1 μvar,,Snowball,
17,Segarra et al. 2010,Segarra,2010,"Detection and description of a particular Ostreid herpesvirus 1 genotype associated with massive mortality outbreaks of Pacific oysters, Crassostrea gigas, in France in 2008",https://www.sciencedirect.com/science/article/abs/pii/S0168170210002364?via%3Dihub,France,France,NA,"49.717346, -1.907873","49.717346, -1.907873",49.717346,-1.907873,Field,Magallana gigas,Pacific Oyster,2008,OsHV-1 μvar,,Snowball,
17,Segarra et al. 2010,Segarra,2010,"Detection and description of a particular Ostreid herpesvirus 1 genotype associated with massive mortality outbreaks of Pacific oysters, Crassostrea gigas, in France in 2008",https://www.sciencedirect.com/science/article/abs/pii/S0168170210002364?via%3Dihub,France,France,NA,"49.717346, -1.907873","49.717346, -1.907873",49.717346,-1.907873,Field,Magallana gigas,Pacific Oyster,2008,OsHV-1 μvar,,Snowball,
17,Segarra et al. 2010,Segarra,2010,"Detection and description of a particular Ostreid herpesvirus 1 genotype associated with massive mortality outbreaks of Pacific oysters, Crassostrea gigas, in France in 2008",https://www.sciencedirect.com/science/article/abs/pii/S0168170210002364?via%3Dihub,France,France,NA,"49.717346, -1.907873","49.717346, -1.907873",49.717346,-1.907873,Field,Magallana gigas,Pacific Oyster,2008,OsHV-1 μvar,,Snowball,
17,Segarra et al. 2010,Segarra,2010,"Detection and description of a particular Ostreid herpesvirus 1 genotype associated with massive mortality outbreaks of Pacific oysters, Crassostrea gigas, in France in 2008",https://www.sciencedirect.com/science/article/abs/pii/S0168170210002364?via%3Dihub,France,France,NA,"49.717346, -1.907873","49.717346, -1.907873",49.717346,-1.907873,Field,Magallana gigas,Pacific Oyster,2008,OsHV-1 μvar,,Snowball,
17,Segarra et al. 2010,Segarra,2010,"Detection and description of a particular Ostreid herpesvirus 1 genotype associated with massive mortality outbreaks of Pacific oysters, Crassostrea gigas, in France in 2008",https://www.sciencedirect.com/science/article/abs/pii/S0168170210002364?via%3Dihub,France,France,NA,"49.717346, -1.907873","49.717346, -1.907873",49.717346,-1.907873,Field,Magallana gigas,Pacific Oyster,2008,OsHV-1 μvar,,Snowball,
17,Segarra et al. 2010,Segarra,2010,"Detection and description of a particular Ostreid herpesvirus 1 genotype associated with massive mortality outbreaks of Pacific oysters, Crassostrea gigas, in France in 2008",https://www.sciencedirect.com/science/article/abs/pii/S0168170210002364?via%3Dihub,France,France,NA,"49.717346, -1.907873","49.717346, -1.907873",49.717346,-1.907873,Field,Magallana gigas,Pacific Oyster,2008,OsHV-1 μvar,,Snowball,
17,Segarra et al. 2010,Segarra,2010,"Detection and description of a particular Ostreid herpesvirus 1 genotype associated with massive mortality outbreaks of Pacific oysters, Crassostrea gigas, in France in 2008",https://www.sciencedirect.com/science/article/abs/pii/S0168170210002364?via%3Dihub,France,France,NA,"49.717346, -1.907873","49.717346, -1.907873",49.717346,-1.907873,Field,Magallana gigas,Pacific Oyster,2008,OsHV-1 μvar,,Snowball,
17,Segarra et al. 2010,Segarra,2010,"Detection and description of a particular Ostreid herpesvirus 1 genotype associated with massive mortality outbreaks of Pacific oysters, Crassostrea gigas, in France in 2008",https://www.sciencedirect.com/science/article/abs/pii/S0168170210002364?via%3Dihub,France,France,NA,"49.717346, -1.907873","49.717346, -1.907873",49.717346,-1.907873,Field,Magallana gigas,Pacific Oyster,2008,OsHV-1 μvar,,Snowball,
17,Segarra et al. 2010,Segarra,2010,"Detection and description of a particular Ostreid herpesvirus 1 genotype associated with massive mortality outbreaks of Pacific oysters, Crassostrea gigas, in France in 2008",https://www.sciencedirect.com/science/article/abs/pii/S0168170210002364?via%3Dihub,France,France,NA,"49.717346, -1.907873","49.717346, -1.907873",49.717346,-1.907873,Field,Magallana gigas,Pacific Oyster,2008,OsHV-1 μvar,,Snowball,
17,Segarra et al. 2010,Segarra,2010,"Detection and description of a particular Ostreid herpesvirus 1 genotype associated with massive mortality outbreaks of Pacific oysters, Crassostrea gigas, in France in 2008",https://www.sciencedirect.com/science/article/abs/pii/S0168170210002364?via%3Dihub,France,France,NA,"49.717346, -1.907873","49.717346, -1.907873",49.717346,-1.907873,Field,Magallana gigas,Pacific Oyster,2008,OsHV-1 μvar,,Snowball,
17,Segarra et al. 2010,Segarra,2010,"Detection and description of a particular Ostreid herpesvirus 1 genotype associated with massive mortality outbreaks of Pacific oysters, Crassostrea gigas, in France in 2008",https://www.sciencedirect.com/science/article/abs/pii/S0168170210002364?via%3Dihub,France,France,NA,"49.717346, -1.907873","49.717346, -1.907873",49.717346,-1.907873,Field,Magallana gigas,Pacific Oyster,2008,OsHV-1 μvar,,Snowball,
17,Segarra et al. 2010,Segarra,2010,"Detection and description of a particular Ostreid herpesvirus 1 genotype associated with massive mortality outbreaks of Pacific oysters, Crassostrea gigas, in France in 2008",https://www.sciencedirect.com/science/article/abs/pii/S0168170210002364?via%3Dihub,France,France,NA,"49.717346, -1.907873","49.717346, -1.907873",49.717346,-1.907873,Field,Magallana gigas,Pacific Oyster,2008,OsHV-1 μvar,,Snowball,
17,Segarra et al. 2010,Segarra,2010,"Detection and description of a particular Ostreid herpesvirus 1 genotype associated with massive mortality outbreaks of Pacific oysters, Crassostrea gigas, in France in 2008",https://www.sciencedirect.com/science/article/abs/pii/S0168170210002364?via%3Dihub,France,France,NA,"49.717346, -1.907873","49.717346, -1.907873",49.717346,-1.907873,Field,Magallana gigas,Pacific Oyster,2008,OsHV-1 μvar,,Snowball,
17,Segarra et al. 2010,Segarra,2010,"Detection and description of a particular Ostreid herpesvirus 1 genotype associated with massive mortality outbreaks of Pacific oysters, Crassostrea gigas, in France in 2008",https://www.sciencedirect.com/science/article/abs/pii/S0168170210002364?via%3Dihub,France,France,NA,"49.717346, -1.907873","49.717346, -1.907873",49.717346,-1.907873,Field,Magallana gigas,Pacific Oyster,2008,OsHV-1 μvar,,Snowball,
17,Segarra et al. 2010,Segarra,2010,"Detection and description of a particular Ostreid herpesvirus 1 genotype associated with massive mortality outbreaks of Pacific oysters, Crassostrea gigas, in France in 2008",https://www.sciencedirect.com/science/article/abs/pii/S0168170210002364?via%3Dihub,France,France,NA,"49.717346, -1.907873","49.717346, -1.907873",49.717346,-1.907873,Field,Magallana gigas,Pacific Oyster,2008,OsHV-1 μvar,,Snowball,
17,Segarra et al. 2010,Segarra,2010,"Detection and description of a particular Ostreid herpesvirus 1 genotype associated with massive mortality outbreaks of Pacific oysters, Crassostrea gigas, in France in 2008",https://www.sciencedirect.com/science/article/abs/pii/S0168170210002364?via%3Dihub,France,France,NA,"49.717346, -1.907873","49.717346, -1.907873",49.717346,-1.907873,Field,Magallana gigas,Pacific Oyster,2008,OsHV-1 μvar,,Snowball,
17,Segarra et al. 2010,Segarra,2010,"Detection and description of a particular Ostreid herpesvirus 1 genotype associated with massive mortality outbreaks of Pacific oysters, Crassostrea gigas, in France in 2008",https://www.sciencedirect.com/science/article/abs/pii/S0168170210002364?via%3Dihub,France,France,NA,"49.717346, -1.907873","49.717346, -1.907873",49.717346,-1.907873,Field,Magallana gigas,Pacific Oyster,2008,OsHV-1 μvar,,Snowball,
17,Segarra et al. 2010,Segarra,2010,"Detection and description of a particular Ostreid herpesvirus 1 genotype associated with massive mortality outbreaks of Pacific oysters, Crassostrea gigas, in France in 2008",https://www.sciencedirect.com/science/article/abs/pii/S0168170210002364?via%3Dihub,France,France,NA,"49.717346, -1.907873","49.717346, -1.907873",49.717346,-1.907873,Field,Magallana gigas,Pacific Oyster,2008,OsHV-1 μvar,,Snowball,
17,Segarra et al. 2010,Segarra,2010,"Detection and description of a particular Ostreid herpesvirus 1 genotype associated with massive mortality outbreaks of Pacific oysters, Crassostrea gigas, in France in 2008",https://www.sciencedirect.com/science/article/abs/pii/S0168170210002364?via%3Dihub,France,France,NA,"49.717346, -1.907873","49.717346, -1.907873",49.717346,-1.907873,Field,Magallana gigas,Pacific Oyster,2008,OsHV-1 μvar,,Snowball,
17,Segarra et al. 2010,Segarra,2010,"Detection and description of a particular Ostreid herpesvirus 1 genotype associated with massive mortality outbreaks of Pacific oysters, Crassostrea gigas, in France in 2008",https://www.sciencedirect.com/science/article/abs/pii/S0168170210002364?via%3Dihub,France,France,NA,"49.717346, -1.907873","49.717346, -1.907873",49.717346,-1.907873,Field,Magallana gigas,Pacific Oyster,2008,OsHV-1 μvar,,Snowball,
17,Segarra et al. 2010,Segarra,2010,"Detection and description of a particular Ostreid herpesvirus 1 genotype associated with massive mortality outbreaks of Pacific oysters, Crassostrea gigas, in France in 2008",https://www.sciencedirect.com/science/article/abs/pii/S0168170210002364?via%3Dihub,France,France,NA,"49.717346, -1.907873","49.717346, -1.907873",49.717346,-1.907873,Field,Magallana gigas,Pacific Oyster,2008,OsHV-1 μvar,,Snowball,
17,Segarra et al. 2010,Segarra,2010,"Detection and description of a particular Ostreid herpesvirus 1 genotype associated with massive mortality outbreaks of Pacific oysters, Crassostrea gigas, in France in 2008",https://www.sciencedirect.com/science/article/abs/pii/S0168170210002364?via%3Dihub,France,France,NA,"49.717346, -1.907873","49.717346, -1.907873",49.717346,-1.907873,Field,Magallana gigas,Pacific Oyster,2008,OsHV-1 μvar,,Snowball,
17,Segarra et al. 2010,Segarra,2010,"Detection and description of a particular Ostreid herpesvirus 1 genotype associated with massive mortality outbreaks of Pacific oysters, Crassostrea gigas, in France in 2008",https://www.sciencedirect.com/science/article/abs/pii/S0168170210002364?via%3Dihub,France,France,NA,"49.717346, -1.907873","49.717346, -1.907873",49.717346,-1.907873,Field,Magallana gigas,Pacific Oyster,2008,OsHV-1 μvar,,Snowball,
17,Segarra et al. 2010,Segarra,2010,"Detection and description of a particular Ostreid herpesvirus 1 genotype associated with massive mortality outbreaks of Pacific oysters, Crassostrea gigas, in France in 2008",https://www.sciencedirect.com/science/article/abs/pii/S0168170210002364?via%3Dihub,France,France,NA,"49.717346, -1.907873","49.717346, -1.907873",49.717346,-1.907873,Field,Magallana gigas,Pacific Oyster,2008,OsHV-1 μvar,,Snowball,
17,Segarra et al. 2010,Segarra,2010,"Detection and description of a particular Ostreid herpesvirus 1 genotype associated with massive mortality outbreaks of Pacific oysters, Crassostrea gigas, in France in 2008",https://www.sciencedirect.com/science/article/abs/pii/S0168170210002364?via%3Dihub,France,France,NA,"49.717346, -1.907873","49.717346, -1.907873",49.717346,-1.907873,Field,Magallana gigas,Pacific Oyster,2008,OsHV-1 μvar,,Snowball,
17,Segarra et al. 2010,Segarra,2010,"Detection and description of a particular Ostreid herpesvirus 1 genotype associated with massive mortality outbreaks of Pacific oysters, Crassostrea gigas, in France in 2008",https://www.sciencedirect.com/science/article/abs/pii/S0168170210002364?via%3Dihub,France,France,NA,"49.717346, -1.907873","49.717346, -1.907873",49.717346,-1.907873,Field,Magallana gigas,Pacific Oyster,2008,OsHV-1 μvar,,Snowball,
17,Segarra et al. 2010,Segarra,2010,"Detection and description of a particular Ostreid herpesvirus 1 genotype associated with massive mortality outbreaks of Pacific oysters, Crassostrea gigas, in France in 2008",https://www.sciencedirect.com/science/article/abs/pii/S0168170210002364?via%3Dihub,France,France,NA,"49.717346, -1.907873","49.717346, -1.907873",49.717346,-1.907873,Field,Magallana gigas,Pacific Oyster,2008,OsHV-1 μvar,,Snowball,
17,,Segarra,2010,"Detection and description of a particular Ostreid herpesvirus 1 genotype associated with massive mortality outbreaks of Pacific oysters, Crassostrea gigas, in France in 2008",https://www.sciencedirect.com/science/article/abs/pii/S0168170210002364?via%3Dihub,France,France,NA,"49.717346, -1.907873","49.717346, -1.907873",49.717346,-1.907873,Field,Magallana gigas,Pacific Oyster,2008,OsHV-1 μvar,,Snowball,
17,Segarra et al. 2010,Segarra,2010,"Detection and description of a particular Ostreid herpesvirus 1 genotype associated with massive mortality outbreaks of Pacific oysters, Crassostrea gigas, in France in 2008",https://www.sciencedirect.com/science/article/abs/pii/S0168170210002364?via%3Dihub,France,France,NA,"49.717346, -1.907873","49.717346, -1.907873",49.717346,-1.907873,Field,Magallana gigas,Pacific Oyster,2008,OsHV-1 μvar,,Snowball,
18,Xia et al. 2015,Xia,2015,Complete genome sequence of Ostreid herpesvirus-1 associated with mortalities of Scapharca broughtonii broodstocks,https://virologyj.biomedcentral.com/articles/10.1186/s12985-015-0334-0,"Changdao, China",China,NA,"37.852516, 120.824291","37.852516, 120.824291",37.852516,120.824291,Field,Scapharca broughtonii,Clam,2012,OsHV-1,OsHV-1 SB?,Snowball,
19,Schikorski et al. 2011,Schikorski,2011,Experimental infection of Pacific oyster Crassostrea gigas spat by ostreid herpesvirus 1: demonstration of oyster spat susceptibility,https://veterinaryresearch.biomedcentral.com/articles/10.1186/1297-9716-42-27,"Normandy, France",France,NA,"49.717346, -1.907873","49.717346, -1.907873",49.717346,-1.907873,Field,Magallana gigas,Pacific Oyster,2008,OsHV-1 μvar,,Snowball,
19,Schikorski et al. 2011,Schikorski,2011,Experimental infection of Pacific oyster Crassostrea gigas spat by ostreid herpesvirus 1: demonstration of oyster spat susceptibility,https://veterinaryresearch.biomedcentral.com/articles/10.1186/1297-9716-42-27,"North Brittany (Breton), France",France,NA,"48.431392, -4.759700","48.431392, -4.759700",48.431392,-4.7597,Field,Magallana gigas,Pacific Oyster,2008,OsHV-1 μvar,,Snowball,
19,Schikorski et al. 2011,Schikorski,2011,Experimental infection of Pacific oyster Crassostrea gigas spat by ostreid herpesvirus 1: demonstration of oyster spat susceptibility,https://veterinaryresearch.biomedcentral.com/articles/10.1186/1297-9716-42-27,"South Brittany (Breton), France",France,NA,"48.431392, -4.759700","48.431392, -4.759700",48.431392,-4.7597,Field,Magallana gigas,Pacific Oyster,2008,OsHV-1 μvar,,Snowball,
20,Xin et al. 2018,Xin,2018,"Validation of housekeeping genes for quantitative mRNA expression analysis in OsHV-1 infected ark clam, Scapharca broughtonii",https://www.sciencedirect.com/science/article/pii/S0022201117304366?via%3Dihub,"Qingdao, China",China,NA,"36.053318, 120.291358

","36.053318, 120.291358

",36.053318,120.291358,Lab,Scapharca broughtonii,Clam,NA,OsHV-1,,Snowball,
21,Bai et al. 2022,Bai,2022,Paired miRNA and RNA sequencing provides a first insight into molecular defense mechanisms of Scapharca broughtonii during ostreid herpesvirus-1 infection,https://www.sciencedirect.com/science/article/pii/S105046482200064X?via%3Dihub,"Bohai Bay, China",China,NA,"38.455657, 117.858286","38.455657, 117.858286",38.455657,117.858286,Lab,Scapharca broughtonii,Clam,2019,OsHV-1,,Snowball,
22,Barbosa-Solomieu et al. 2004,Barbosa-Solomieu,2004,Diagnosis of Ostreid herpesvirus 1 in fixed paraffin-embedded archival samples using PCR and in situ hybridisation,https://www.sciencedirect.com/science/article/pii/S016609340400045X?via%3Dihub,"Charente Maritime, France",France,NA,"45.948768, -1.094332","45.948768, -1.094332",45.948768,-1.094332,Field,Ostrea edulis,Other oyster,1994,OsHV-1,,Snowball,
22,Barbosa-Solomieu et al. 2004,Barbosa-Solomieu,2004,Diagnosis of Ostreid herpesvirus 1 in fixed paraffin-embedded archival samples using PCR and in situ hybridisation,https://www.sciencedirect.com/science/article/pii/S016609340400045X?via%3Dihub,"Charente Maritime, France",France,NA,"45.948768, -1.094332","45.948768, -1.094332",45.948768,-1.094332,Field,Magallana gigas,Pacific Oyster,1994,OsHV-1,,Snowball,
23,Wang et al. 2022,Wang,2022,Characterization  of  a  Novel  C-type  Lectin  against  OsHV-1  infection  in Scapharca broughtonii,https://www.isj.unimore.it/index.php/ISJ/article/view/730/488,"Qingdao, China",China,NA,"36.053318, 120.291358

","36.053318, 120.291358

",36.053318,120.291358,Lab,Scapharca broughtonii,Clam,NA,OsHV-1,,Snowball,
24,da Silva et al. 2008,da Silva,2008,Herpesvirus infection in European flat oysters Ostrea edulis obtained from brood stocks of various geographic origins and grown in Galicia (NW Spain),https://www.int-res.com/articles/dao2007/78/d078p181.pdf,"Ría de Ortigueira, Galicia, Spain",Spain,NA,"43.753142, -7.727630","43.753142, -7.727630",43.753142,-7.72763,Field,Ostrea edulis,Other oyster,2002,OsHV-1,,Snowball,
24,da Silva et al. 2008,da Silva,2008,Herpesvirus infection in European flat oysters Ostrea edulis obtained from brood stocks of various geographic origins and grown in Galicia (NW Spain),https://www.int-res.com/articles/dao2007/78/d078p181.pdf,"Ría de Ortigueira, Galicia, Spain",Spain,NA,"43.753142, -7.727630","43.753142, -7.727630",43.753142,-7.72763,Field,Ostrea edulis,Other oyster,2001,OsHV-1,,Snowball,
24,da Silva et al. 2008,da Silva,2008,Herpesvirus infection in European flat oysters Ostrea edulis obtained from brood stocks of various geographic origins and grown in Galicia (NW Spain),https://www.int-res.com/articles/dao2007/78/d078p181.pdf,"Ría de Arousa, Galicia, Spain",Spain,NA,"42.557357, -8.903498","42.557357, -8.903498",42.557357,-8.903498,Field,Ostrea edulis,Other oyster,2001,OsHV-1,,Snowball,
24,da Silva et al. 2008,da Silva,2008,Herpesvirus infection in European flat oysters Ostrea edulis obtained from brood stocks of various geographic origins and grown in Galicia (NW Spain),https://www.int-res.com/articles/dao2007/78/d078p181.pdf,"Ría de Arousa, Galicia, Spain",Spain,NA,"42.557357, -8.903498","42.557357, -8.903498",42.557357,-8.903498,Field,Ostrea edulis,Other oyster,2002,OsHV-1,,Snowball,
24,da Silva et al. 2008,da Silva,2008,Herpesvirus infection in European flat oysters Ostrea edulis obtained from brood stocks of various geographic origins and grown in Galicia (NW Spain),https://www.int-res.com/articles/dao2007/78/d078p181.pdf,"Ría de Arousa, Galicia, Spain",Spain,NA,"42.557357, -8.903498","42.557357, -8.903498",42.557357,-8.903498,Field,Ostrea edulis,Other oyster,2003,OsHV-1,,Snowball,
24,da Silva et al. 2008,da Silva,2008,Herpesvirus infection in European flat oysters Ostrea edulis obtained from brood stocks of various geographic origins and grown in Galicia (NW Spain),https://www.int-res.com/articles/dao2007/78/d078p181.pdf,Greece,Greece,NA,"37.826217, 24.199100","37.826217, 24.199100",37.826217,24.1991,Field,Ostrea edulis,Other oyster,2001,OsHV-1,,Snowball,
24,da Silva et al. 2008,da Silva,2008,Herpesvirus infection in European flat oysters Ostrea edulis obtained from brood stocks of various geographic origins and grown in Galicia (NW Spain),https://www.int-res.com/articles/dao2007/78/d078p181.pdf,Greece,Greece,NA,"37.826217, 24.199100","37.826217, 24.199100",37.826217,24.1991,Field,Ostrea edulis,Other oyster,2002,OsHV-1,,Snowball,
24,da Silva et al. 2008,da Silva,2008,Herpesvirus infection in European flat oysters Ostrea edulis obtained from brood stocks of various geographic origins and grown in Galicia (NW Spain),https://www.int-res.com/articles/dao2007/78/d078p181.pdf,Ireland,Ireland,NA,"51.593005, -8.858027","51.593005, -8.858027",51.593005,-8.858027,Field,Ostrea edulis,Other oyster,2001,OsHV-1,,Snowball,
24,da Silva et al. 2008,da Silva,2008,Herpesvirus infection in European flat oysters Ostrea edulis obtained from brood stocks of various geographic origins and grown in Galicia (NW Spain),https://www.int-res.com/articles/dao2007/78/d078p181.pdf,Ireland,Ireland,NA,"51.593005, -8.858027","51.593005, -8.858027",51.593005,-8.858027,Field,Ostrea edulis,Other oyster,2002,OsHV-1,,Snowball,
25,Renault et al. 2000,Renault,2000,Concomitant herpes-like virus infections in hatchery-reared larvae and nursery-cultured spat Crassostrea gigas and Ostrea edulis,https://pubmed.ncbi.nlm.nih.gov/11104068/,"Bourgneuf Bay, Vendée, France",France,NA,"47.034744, -2.133321","47.034744, -2.133321",47.034744,-2.133321,Field,Ostrea edulis,Other oyster,1994,OsHV-1,,Snowball,
25,Renault et al. 2000,Renault,2000,Concomitant herpes-like virus infections in hatchery-reared larvae and nursery-cultured spat Crassostrea gigas and Ostrea edulis,https://pubmed.ncbi.nlm.nih.gov/11104068/,"Bourgneuf Bay, Vendée, France",France,NA,"47.034744, -2.133321","47.034744, -2.133321",47.034744,-2.133321,Field,Magallana gigas,Pacific Oyster,1994,OsHV-1,,Snowball,
26,Arzul et al. 2001,Arzul,2001,Experimental herpes-like viral infections in marine bivalves: demonstration of interspecies transmission,https://www.int-res.com/articles/dao/46/d046p001.pdf,NA,NA,NA,NA,NA,NA,,Lab,Crassostrea angulata,Other oyster,1997-2000,OsHV-1,,Snowball,
26,Arzul et al. 2001,Arzul,2001,Experimental herpes-like viral infections in marine bivalves: demonstration of interspecies transmission,https://www.int-res.com/articles/dao/46/d046p001.pdf,NA,NA,NA,NA,NA,NA,,Lab,Magallana gigas,Pacific Oyster,1997-2001,OsHV-1,,Snowball,
26,Arzul et al. 2001,Arzul,2001,Experimental herpes-like viral infections in marine bivalves: demonstration of interspecies transmission,https://www.int-res.com/articles/dao/46/d046p001.pdf,NA,NA,NA,NA,NA,NA,,Lab,Ostrea edulis,Other oyster,1997-2002,OsHV-1,,Snowball,
27,Renault & Arzul 2001,Renault,2001,Herpes-like virus infections in hatchery-reared bivalve larvae in Europe: speci®c viral DNA detection by PCR,https://onlinelibrary.wiley.com/doi/pdfdirect/10.1046/j.1365-2761.2001.00282.x,UK,UK,NA,"53.637027, -4.747346","53.637027, -4.747346",53.637027,-4.747346,Field,Magallana gigas,Pacific Oyster,1997-2003,OsHV-1,,Snowball,
27,Renault & Arzul 2001,Renault,2001,Herpes-like virus infections in hatchery-reared bivalve larvae in Europe: speci®c viral DNA detection by PCR,https://onlinelibrary.wiley.com/doi/pdfdirect/10.1046/j.1365-2761.2001.00282.x,France,France,NA,"47.034744, -2.133321","47.034744, -2.133321",47.034744,-2.133321,Field,Magallana gigas,Pacific Oyster,1997-2004,OsHV-1,,Snowball,
27,Renault & Arzul 2001,Renault,2001,Herpes-like virus infections in hatchery-reared bivalve larvae in Europe: speci®c viral DNA detection by PCR,https://onlinelibrary.wiley.com/doi/pdfdirect/10.1046/j.1365-2761.2001.00282.x,France,France,NA,"47.034744, -2.133321","47.034744, -2.133321",47.034744,-2.133321,Field,Magallana gigas,Pacific Oyster,1997-2005,OsHV-1,,Snowball,
27,Renault & Arzul 2001,Renault,2001,Herpes-like virus infections in hatchery-reared bivalve larvae in Europe: speci®c viral DNA detection by PCR,https://onlinelibrary.wiley.com/doi/pdfdirect/10.1046/j.1365-2761.2001.00282.x,France,France,NA,"49.717346, -1.907873","49.717346, -1.907873",49.717346,-1.907873,Field,Ruditapes decussatus,Clam,1997-2006,OsHV-1,,Snowball,
27,Renault & Arzul 2001,Renault,2001,Herpes-like virus infections in hatchery-reared bivalve larvae in Europe: speci®c viral DNA detection by PCR,https://onlinelibrary.wiley.com/doi/pdfdirect/10.1046/j.1365-2761.2001.00282.x,Spain,Spain,NA,"43.753142, -7.727630","43.753142, -7.727630",43.753142,-7.72763,Field,Ruditapes phillipinarum,Clam,1997-2007,OsHV-1,,Snowball,
28,Hine et al. 1998,Hine,1998,Replication of a herpes-like virus in larvae of the flat oyster Tiostrea chilensis at ambient temperatures ,https://www.int-res.com/articles/dao/32/d032p161.pdf,"Wellington Harbour, New Zealand",New Zealand,NA,"-41.283525, 174.832068

","-41.283525, 174.832068

",-41.283525,174.832068,Field,Tiostrea chilensis,Other oyster,NA,OsHV-1,,Snowball,
29,Hine et al. 1992,Hine,1992,Herpesviruses associated with mortalities among hatchery-reared larval Pacific oysters Crassostrea gigas,https://www.semanticscholar.org/paper/Herpesviruses-associated-with-mortalities-among-Hine-Wesney/8a0c4d9d9f6caa22a79308d04334dbf980ac8eab,"Mahurangi, New Zealand",New Zealand,NA,"-36.476935, 174.722596","-36.476935, 174.722596",-36.476935,174.722596,Field,Magallana gigas,Pacific Oyster,1991,OsHV-1,,Snowball,
30,Nicolas et al. 1992,Nicolas,1992,Herpes-like virus infecting Pacific-oyster larvae Crassostrea gigas,http://eafp.org/download/1992-Volume12/Issue%201/3-Nicolas%20et%20al.pdf,France,France,NA,"49.717346, -1.907873","49.717346, -1.907873",49.717346,-1.907873,Field,Magallana gigas,Pacific Oyster,1991,OsHV-1,,Snowball,
31,Comps & Cochennec 1993,Comps,1993,A Herpes-like Virus from the European Oyster Ostrea edulis L.,https://www.sciencedirect.com/science/article/pii/S0022201183710980?via%3Dihub,"Breton (Brittany), France",France,NA,"48.431392, -4.759700","48.431392, -4.759700",48.431392,-4.7597,Field,Ostrea edulis,Other oyster,NA,OsHV-1,,Snowball,
32,Friedman et al. 2005,Friedman,2005,"Herpes virus in juvenile Pacific oysters Crassostrea gigas from Tomales Bay, California, coincides with summer mortality episodes",https://www.int-res.com/abstracts/dao/v63/n1/p33-41/,"Tomales Bay, California, USA",USA,NA,"38.205431, -122.939066

","38.205431, -122.939066

",38.205431,-122.939066,Field,Magallana gigas,Pacific Oyster,2002,OsHV-1,,Snowball,
33,Jenkins et al. 2013,Jenkins,2013,Identification and characterisation of an ostreid herpesvirus-1 microvariant (OsHV-1 µ-var) in Crassostrea gigas (Pacific oysters) in Australia,https://pubmed.ncbi.nlm.nih.gov/23872855/,"Woolooware Bay, Australia",Australia,NA,"-34.031666666666666, 151.1511111111111
","-34.031666666666666, 151.1511111111111
",-34.03166667,151.1511111,Field,Magallana gigas,Pacific Oyster,"2010, 2011",OsHV-1 μVar,,Snowball,
33,Jenkins et al. 2013,Jenkins,2013,Identification and characterisation of an ostreid herpesvirus-1 microvariant (OsHV-1 µ-var) in Crassostrea gigas (Pacific oysters) in Australia,https://pubmed.ncbi.nlm.nih.gov/23872855/,"Woolooware Bay, Australia",Australia,NA,"-34.031666666666666, 151.1511111111111
","-34.031666666666666, 151.1511111111111
",-34.03166667,151.1511111,Field,Saccostrea glomerata,Other oyster,"2010, 2011",OsHV-1 μVar,,Snowball,
34,Hine & Thorne 1997,Hine,1997,Replication of herpes-like viruses in haemocytes of adult flat oysters Ostrea angasi: an ultrastructural study ,https://www.int-res.com/articles/dao/29/d029p189.pdf,"Albany, Western Australia",Australia,NA,"-35.029908, 117.881675","-35.029908, 117.881675",-35.029908,117.881675,Field,Ostrea angasi,Other oyster,1994,OsHV-1,,Snowball,
35,Shimahara et al. 2012,Shimahara,2012,Surveillance of Type 1 Ostreid Herpesvirus (OsHV-1) Variants in Japan,https://www.jstage.jst.go.jp/article/jsfp/47/4/47_129/_article,"Mie Prefecture, Japan",Japan,NA,"34.387551, 136.965868","34.387551, 136.965868",34.387551,136.965868,Field,Magallana gigas,Pacific Oyster,2011,OsHV-1,,Snowball,
35,Shimahara et al. 2012,Shimahara,2012,Surveillance of Type 1 Ostreid Herpesvirus (OsHV-1) Variants in Japan,https://www.jstage.jst.go.jp/article/jsfp/47/4/47_129/_article,"Hiroshima Prefecture, Japan",Japan,NA,"34.143747, 132.695714","34.143747, 132.695714",34.143747,132.695714,Field,Magallana gigas,Pacific Oyster,2011,OsHV-1,,Snowball,
35,Shimahara et al. 2012,Shimahara,2012,Surveillance of Type 1 Ostreid Herpesvirus (OsHV-1) Variants in Japan,https://www.jstage.jst.go.jp/article/jsfp/47/4/47_129/_article,"Miyagi Prefecture, Japan",Japan,NA,"38.246616, 141.143571","38.246616, 141.143571",38.246616,141.143571,Field,Magallana gigas,Pacific Oyster,2011,OsHV-1,,Snowball,
35,Shimahara et al. 2012,Shimahara,2012,Surveillance of Type 1 Ostreid Herpesvirus (OsHV-1) Variants in Japan,https://www.jstage.jst.go.jp/article/jsfp/47/4/47_129/_article,"Mie Prefecture, Japan",Japan,NA,"34.387551, 136.965868","34.387551, 136.965868",34.387551,136.965868,Field,Magallana gigas,Pacific Oyster,2007,OsHV-1,,Snowball,
35,Shimahara et al. 2012,Shimahara,2012,Surveillance of Type 1 Ostreid Herpesvirus (OsHV-1) Variants in Japan,https://www.jstage.jst.go.jp/article/jsfp/47/4/47_129/_article,"Hiroshima Prefecture, Japan",Japan,NA,"34.143747, 132.695714","34.143747, 132.695714",34.143747,132.695714,Field,Magallana gigas,Pacific Oyster,2007,OsHV-1,,Snowball,
35,Shimahara et al. 2012,Shimahara,2012,Surveillance of Type 1 Ostreid Herpesvirus (OsHV-1) Variants in Japan,https://www.jstage.jst.go.jp/article/jsfp/47/4/47_129/_article,"Miyagi Prefecture, Japan",Japan,NA,"38.246616, 141.143571","38.246616, 141.143571",38.246616,141.143571,Field,Magallana gigas,Pacific Oyster,2007,OsHV-1,,Snowball,
35,Shimahara et al. 2012,Shimahara,2012,Surveillance of Type 1 Ostreid Herpesvirus (OsHV-1) Variants in Japan,https://www.jstage.jst.go.jp/article/jsfp/47/4/47_129/_article,"Kumamoto, Japan",Japan,NA,"32.785682, 130.588925

","32.785682, 130.588925

",32.785682,130.588925,Field,Crassostrea sikamea,Other oyster,2007,OsHV-1,,Snowball,
35,Shimahara et al. 2012,Shimahara,2012,Surveillance of Type 1 Ostreid Herpesvirus (OsHV-1) Variants in Japan,https://www.jstage.jst.go.jp/article/jsfp/47/4/47_129/_article,"Kumamoto, Japan",Japan,NA,"32.785682, 130.588925

","32.785682, 130.588925

",32.785682,130.588925,Field,Crassostrea ariakensis,Other oyster,2007,OsHV-1,,Snowball,
36,Prado-Alvarez et al. 2021,Prado-Alvarez,2021,First detection of OsHV-1 in the cephalopod Octopus vulgaris. Is the octopus a dead-end for OsHV-1?,https://www.sciencedirect.com/science/article/pii/S0022201121000203,"Vigo, Spain",Spain,NA,"42.237904, -8.747742","42.237904, -8.747742",42.237904,-8.747742,Field,Octopus vulgaris,Octopus,2010,OsHV-1 μVar,,Snowball,
36,Prado-Alvarez et al. 2021,Prado-Alvarez,2021,First detection of OsHV-1 in the cephalopod Octopus vulgaris. Is the octopus a dead-end for OsHV-1?,https://www.sciencedirect.com/science/article/pii/S0022201121000203,"Vigo, Spain",Spain,NA,"42.237904, -8.747742","42.237904, -8.747742",42.237904,-8.747742,Field,Octopus vulgaris,Octopus,2011,OsHV-1 μVar,,Snowball,
36,Prado-Alvarez et al. 2021,Prado-Alvarez,2021,First detection of OsHV-1 in the cephalopod Octopus vulgaris. Is the octopus a dead-end for OsHV-1?,https://www.sciencedirect.com/science/article/pii/S0022201121000203,"Vigo, Spain",Spain,NA,"42.237904, -8.747742","42.237904, -8.747742",42.237904,-8.747742,Field,Octopus vulgaris,Octopus,2014,OsHV-1 μVar,,Snowball,
36,Prado-Alvarez et al. 2021,Prado-Alvarez,2021,First detection of OsHV-1 in the cephalopod Octopus vulgaris. Is the octopus a dead-end for OsHV-1?,https://www.sciencedirect.com/science/article/pii/S0022201121000203,"Vigo, Spain",Spain,NA,"42.237904, -8.747742","42.237904, -8.747742",42.237904,-8.747742,Field,Octopus vulgaris,Octopus,2015,OsHV-1 μVar,,Snowball,
37,Costello et al. 2021,Costello,2021,The role of invasive tunicates as reservoirs of molluscan pathogens,https://link.springer.com/article/10.1007/s10530-020-02392-5,"Crosshaven, Co. Cork, Ireland",Ireland,NA,"51.807539, -8.292553","51.807539, -8.292553",51.807539,-8.292553,Field,Botrylloides violaceus,Tunicate,2018,OsHV-1 μVar,,Snowball,
37,Costello et al. 2021,Costello,2021,The role of invasive tunicates as reservoirs of molluscan pathogens,https://link.springer.com/article/10.1007/s10530-020-02392-5,"Rossmore, Co. Cork, Ireland",Ireland,NA,"51.593005, -8.858027","51.593005, -8.858027",51.593005,-8.858027,Field,Styela clava ,Tunicate,2018,OsHV-1 μVar,,Snowball,
38,Bookelaar et al. 2018,Bookelaar,2018,Role of the intertidal predatory shore crab Carcinus maenas in transmission dynamics of ostreid herpesvirus-1 microvariant,https://pubmed.ncbi.nlm.nih.gov/30259874/,"Dungarvan, Co. Waterford",Ireland,"52.0936° N, 7.6204° W",NA,"52.868227777777776, -7.127005555555555",52.86822778,-7.127005556,Field,Carcinus maenas,Crab,2015,OsHV-1 μVar,,Snowball,https://www.vercalendario.info/en/how/convert-latitude-longitude-degrees-decimals.html
38,Bookelaar et al. 2018,Bookelaar,2018,Role of the intertidal predatory shore crab Carcinus maenas in transmission dynamics of ostreid herpesvirus-1 microvariant,https://pubmed.ncbi.nlm.nih.gov/30259874/,"Carlingford Lough, Co. Lough",Ireland,"54.0733° N, 6.1994° W",NA,"54.90122222222222, -6.103322222222221",54.90122222,-6.103322222,Field,Carcinus maenas,Crab,2015,OsHV-1 μVar,,Snowball,https://www.vercalendario.info/en/how/convert-latitude-longitude-degrees-decimals.html
39,O'Reilly et al. 2017,O'Reilly,2017,The role of the mussel Mytilus spp. in the transmission of ostreid herpesvirus-1 microVar,https://www.cambridge.org/core/journals/parasitology/article/role-of-the-mussel-mytilus-spp-in-the-transmission-of-ostreid-herpesvirus1-microvar/5DBEC59DD1A86F8709E3433D0EF1CB68,"Ardmore, Ireland",Ireland,"51°57′04″N, 7°43′23″W",NA,"51.95111111111111, -7.723055555555556",51.95111111,-7.723055556,Field,Mytilus spp.,Mussel,2014,OsHV-1 μVar,,Snowball,https://www.vercalendario.info/en/how/convert-latitude-longitude-degrees-decimals.html
39,O'Reilly et al. 2017,O'Reilly,2017,The role of the mussel Mytilus spp. in the transmission of ostreid herpesvirus-1 microVar,https://www.cambridge.org/core/journals/parasitology/article/role-of-the-mussel-mytilus-spp-in-the-transmission-of-ostreid-herpesvirus1-microvar/5DBEC59DD1A86F8709E3433D0EF1CB68,"Garrettstown, Kinsale, Co. Cork",Ireland,"51°38′16·93″N, 8°34′21·41″W",NA,"51.63777777777778, -8.5725",51.63777778,-8.5725,Field,Mytilus spp.,Mussel,2014,OsHV-1 μVar,,Snowball,https://www.vercalendario.info/en/how/convert-latitude-longitude-degrees-decimals.html
39,O'Reilly et al. 2017,O'Reilly,2017,The role of the mussel Mytilus spp. in the transmission of ostreid herpesvirus-1 microVar,https://www.cambridge.org/core/journals/parasitology/article/role-of-the-mussel-mytilus-spp-in-the-transmission-of-ostreid-herpesvirus1-microvar/5DBEC59DD1A86F8709E3433D0EF1CB68,"Ballymacoda Bay, Youghal Co. Cork",Ireland,"51°53′24″N, 7°55′57″W",NA,"51.89, -7.9325",51.89,-7.9325,Field,Mytilus spp.,Mussel,2014,OsHV-1 μVar,,Snowball,https://www.vercalendario.info/en/how/convert-latitude-longitude-degrees-decimals.html
39,O'Reilly et al. 2017,O'Reilly,2017,The role of the mussel Mytilus spp. in the transmission of ostreid herpesvirus-1 microVar,https://www.cambridge.org/core/journals/parasitology/article/role-of-the-mussel-mytilus-spp-in-the-transmission-of-ostreid-herpesvirus1-microvar/5DBEC59DD1A86F8709E3433D0EF1CB68,"Carlingford Lough, Co. Lough",Ireland,NA,"54.90122222222222, -6.103322222222221","54.90122222222222, -6.103322222222221",54.90122222,-6.103322222,Field,Mytilus spp.,Mussel,2013,OsHV-1 μVar,,Snowball,
39,O'Reilly et al. 2017,O'Reilly,2017,The role of the mussel Mytilus spp. in the transmission of ostreid herpesvirus-1 microVar,https://www.cambridge.org/core/journals/parasitology/article/role-of-the-mussel-mytilus-spp-in-the-transmission-of-ostreid-herpesvirus1-microvar/5DBEC59DD1A86F8709E3433D0EF1CB68,"Carlingford Lough, Co. Lough",Ireland,NA,"54.90122222222222, -6.103322222222221","54.90122222222222, -6.103322222222221",54.90122222,-6.103322222,Field,Mytilus spp.,Mussel,2015,OsHV-1 μVar,,Snowball,
39,O'Reilly et al. 2017,O'Reilly,2017,The role of the mussel Mytilus spp. in the transmission of ostreid herpesvirus-1 microVar,https://www.cambridge.org/core/journals/parasitology/article/role-of-the-mussel-mytilus-spp-in-the-transmission-of-ostreid-herpesvirus1-microvar/5DBEC59DD1A86F8709E3433D0EF1CB68,"Dungarvan, Co. Waterford",Ireland,NA,"52.868227777777776, -7.127005555555555","52.868227777777776, -7.127005555555555",52.86822778,-7.127005556,Field,Mytilus spp.,Mussel,2015,OsHV-1 μVar,,Snowball,
40,Garcia et al. 2018,Garcia,2018,"Descriptions of Mikrocytos veneroïdes n. sp. and Mikrocytos donaxi n. sp. (Ascetosporea: Mikrocytida: Mikrocytiidae), detected during important mortality events of the wedge clam Donax trunculus Linnaeus (Veneroida: Donacidae), in France between 2008 and 2011",https://parasitesandvectors.biomedcentral.com/articles/10.1186/s13071-018-2692-0,"Quiberon Bay, France",France,"47.54°N, 3.13°W","47.562584, -3.050641","47.562584, -3.050641",47.562584,-3.050641,Field,Donax trunculus,Clam,2010,OsHV-1,Wedge clam,Snowball,https://www.vercalendario.info/en/how/convert-latitude-longitude-degrees-decimals.html
40,Garcia et al. 2018,Garcia,2018,"Descriptions of Mikrocytos veneroïdes n. sp. and Mikrocytos donaxi n. sp. (Ascetosporea: Mikrocytida: Mikrocytiidae), detected during important mortality events of the wedge clam Donax trunculus Linnaeus (Veneroida: Donacidae), in France between 2008 and 2011",https://parasitesandvectors.biomedcentral.com/articles/10.1186/s13071-018-2692-0,"Audierne Bay, France",France,"47.85°N, 4.35°W","48.011321, -4.545187","48.011321, -4.545187",48.011321,-4.545187,Field,Donax trunculus,Clam,2011,OsHV-1,Wedge clam,Snowball,https://www.vercalendario.info/en/how/convert-latitude-longitude-degrees-decimals.html
41,Evans et al. 2017,Evans,2017,"Detection of ostreid herpesvirus 1 microvariant DNA in aquatic invertebrate species, sediment and other samples collected from the Georges River estuary, New South Wales, Australia",https://www.int-res.com/abstracts/dao/v122/n3/p247-255/,"Woolooware Bay, Australia",Australia,"34° 01’ 54.0’’ S, 151° 09’ 04.0’’ E",NA,"-34.031666666666666, 151.1511111111111
",-34.03166667,151.1511111,Field,Magallana gigas,Pacific Oyster,2012-2013,OsHV-1,,Snowball,https://www.vercalendario.info/en/how/convert-latitude-longitude-degrees-decimals.html
41,Evans et al. 2017,Evans,2017,"Detection of ostreid herpesvirus 1 microvariant DNA in aquatic invertebrate species, sediment and other samples collected from the Georges River estuary, New South Wales, Australia",https://www.int-res.com/abstracts/dao/v122/n3/p247-255/,"Woolooware Bay, Australia",Australia,"34° 01’ 54.0’’ S, 151° 09’ 04.0’’ E",NA,"-34.031666666666666, 151.1511111111111
",-34.03166667,151.1511111,Field,Saccostrea glomerata,Other oyster,2012-2014,OsHV-1,Sydney rock oyster,Snowball,https://www.vercalendario.info/en/how/convert-latitude-longitude-degrees-decimals.html
41,Evans et al. 2017,Evans,2017,"Detection of ostreid herpesvirus 1 microvariant DNA in aquatic invertebrate species, sediment and other samples collected from the Georges River estuary, New South Wales, Australia",https://www.int-res.com/abstracts/dao/v122/n3/p247-255/,"Woolooware Bay, Australia",Australia,"34° 01’ 54.0’’ S, 151° 09’ 04.0’’ E",NA,"-34.031666666666666, 151.1511111111111
",-34.03166667,151.1511111,Field,Anadara trapezia,Cockle,2012-2015,OsHV-1,Sydney cockle,Snowball,https://www.vercalendario.info/en/how/convert-latitude-longitude-degrees-decimals.html
41,Evans et al. 2017,Evans,2017,"Detection of ostreid herpesvirus 1 microvariant DNA in aquatic invertebrate species, sediment and other samples collected from the Georges River estuary, New South Wales, Australia",https://www.int-res.com/abstracts/dao/v122/n3/p247-255/,"Woolooware Bay, Australia",Australia,"34° 01’ 54.0’’ S, 151° 09’ 04.0’’ E",NA,"-34.031666666666666, 151.1511111111111
",-34.03166667,151.1511111,Field,Mytilus spp.,Mussel,2012-2016,OsHV-1,Mussel spp.,Snowball,https://www.vercalendario.info/en/how/convert-latitude-longitude-degrees-decimals.html
41,Evans et al. 2017,Evans,2017,"Detection of ostreid herpesvirus 1 microvariant DNA in aquatic invertebrate species, sediment and other samples collected from the Georges River estuary, New South Wales, Australia",https://www.int-res.com/abstracts/dao/v122/n3/p247-255/,"Woolooware Bay, Australia",Australia,"34° 01’ 54.0’’ S, 151° 09’ 04.0’’ E",NA,"-34.031666666666666, 151.1511111111111
",-34.03166667,151.1511111,Field,Trichomya hirsuta,Mussel,2012-2017,OsHV-1,Hairy mussel,Snowball,https://www.vercalendario.info/en/how/convert-latitude-longitude-degrees-decimals.html
41,Evans et al. 2017,Evans,2017,"Detection of ostreid herpesvirus 1 microvariant DNA in aquatic invertebrate species, sediment and other samples collected from the Georges River estuary, New South Wales, Australia",https://www.int-res.com/abstracts/dao/v122/n3/p247-255/,"Woolooware Bay, Australia",Australia,"34° 01’ 54.0’’ S, 151° 09’ 04.0’’ E",NA,"-34.031666666666666, 151.1511111111111
",-34.03166667,151.1511111,Field,Batillaria australis,Whelk,2012-2018,OsHV-1,Gastropod,Snowball,https://www.vercalendario.info/en/how/convert-latitude-longitude-degrees-decimals.html
41,Evans et al. 2017,Evans,2017,"Detection of ostreid herpesvirus 1 microvariant DNA in aquatic invertebrate species, sediment and other samples collected from the Georges River estuary, New South Wales, Australia",https://www.int-res.com/abstracts/dao/v122/n3/p247-255/,"Woolooware Bay, Australia",Australia,"34° 01’ 54.0’’ S, 151° 09’ 04.0’’ E",NA,"-34.031666666666666, 151.1511111111111
",-34.03166667,151.1511111,Field,Pyrazus ebeninus,Whelk,2012-2019,OsHV-1,Hercules club mud whelk,Snowball,https://www.vercalendario.info/en/how/convert-latitude-longitude-degrees-decimals.html
41,Evans et al. 2017,Evans,2017,"Detection of ostreid herpesvirus 1 microvariant DNA in aquatic invertebrate species, sediment and other samples collected from the Georges River estuary, New South Wales, Australia",https://www.int-res.com/abstracts/dao/v122/n3/p247-255/,"Woolooware Bay, Australia",Australia,"34° 01’ 54.0’’ S, 151° 09’ 04.0’’ E",NA,"-34.031666666666666, 151.1511111111111
",-34.03166667,151.1511111,Field,Balanus spp.,Barnacle,2012-2020,OsHV-1,Barnacle spp.,Snowball,https://www.vercalendario.info/en/how/convert-latitude-longitude-degrees-decimals.html
42,Whittington et al. 2013,Whittington,2013,"Final Report: 2011/053 Aquatic Animal Health Subprogram: Pacific oyster mortality syndrome (POMS) – understanding biotic and abiotic environmental and husbandry effects to reduce economic losses
",https://www.frdc.com.au/sites/default/files/products/2011-053-DLD.pdf,"Woolooware Bay, Australia",Australia,"-34.031666666666666, 151.1511111111111
",NA,"-34.031666666666666, 151.1511111111111
",-34.03166667,151.1511111,Field,Magallana gigas,Pacific Oyster,2011-2012,OsHV-1,,Snowball,
42,Whittington et al. 2013,Whittington,2013,"Final Report: 2011/053 Aquatic Animal Health Subprogram: Pacific oyster mortality syndrome (POMS) – understanding biotic and abiotic environmental and husbandry effects to reduce economic losses
",https://www.frdc.com.au/sites/default/files/products/2011-053-DLD.pdf,"Woolooware Bay, Australia",Australia,"-34.031666666666666, 151.1511111111111
",NA,"-34.031666666666666, 151.1511111111111
",-34.03166667,151.1511111,Field,Saccostrea glomerata,Other Oyster,2011-2012,OsHV-1,,Snowball,
43,Mello et al. 2018,Mello,2018,First evidence of viral and bacterial oyster pathogens in the Brazilian coast,https://onlinelibrary.wiley.com/doi/10.1111/jfd.12755,"Sambaqui, Santa Catarina, Brazil",Brazil,"27°75′S, 48°57′W",NA,"-27.492213, -48.530338",-27.492213,-48.530338,Field,Magallana gigas,Pacific Oyster,"2013, 2014",OsHV-1,,Snowball,https://www.vercalendario.info/en/how/convert-latitude-longitude-degrees-decimals.html
43,Mello et al. 2018,Mello,2018,First evidence of viral and bacterial oyster pathogens in the Brazilian coast,https://onlinelibrary.wiley.com/doi/10.1111/jfd.12755,"Sambaqui, Santa Catarina, Brazil",Brazil,"27°75′S, 48°57′W",NA,"-27.492213, -48.530338",-27.492213,-48.530338,Field,Crassostrea brasiliana,Other oyster,"2013, 2014",OsHV-1,,Snowball,https://www.vercalendario.info/en/how/convert-latitude-longitude-degrees-decimals.html
43,Mello et al. 2018,Mello,2018,First evidence of viral and bacterial oyster pathogens in the Brazilian coast,https://onlinelibrary.wiley.com/doi/10.1111/jfd.12755,"Balneário Barra do Sul, Santa Catarina, Brazil",Brazil,"26°32′S, 48°66′W",NA,"-27.492213, -48.530338",-27.492213,-48.530338,Field,Magallana gigas,Pacific Oyster,"2013, 2014",OsHV-1,,Snowball,https://www.vercalendario.info/en/how/convert-latitude-longitude-degrees-decimals.html
43,Mello et al. 2018,Mello,2018,First evidence of viral and bacterial oyster pathogens in the Brazilian coast,https://onlinelibrary.wiley.com/doi/10.1111/jfd.12755,"Balneário Barra do Sul, Santa Catarina, Brazil",Brazil,"26°32′S, 48°66′W",NA,"-27.492213, -48.530338",-27.492213,-48.530338,Field,Crassostrea brasiliana,Other oyster,"2013, 2014",OsHV-1,,Snowball,https://www.vercalendario.info/en/how/convert-latitude-longitude-degrees-decimals.html
,,,,,https://www.aphis.usda.gov/animal_health/animal_dis_spec/aquaculture/downloads/potential-intro-pathways-oshv-1.pdf,,,,,,,,,,,,,,,