,Paper,Lead Author,Year_Published,Title,URL,Location,Country,GPS_coordinates_extracted,GPS_Google,GPS_data,GPS_lat,GPS_long,Species,OsHV1_var,Year_Sampled,GenBank Sequence,Search_Strategy,Notes
1,Ugalde et al. 2018,Ugalde,2018,"Analysis of farm management strategies following herpesvirus (OsHV-1) disease outbreaks in Pacific oysters in Tasmania, Australia",https://www.sciencedirect.com/science/article/pii/S0044848618304484,"Little Swanport, Tasmania",Australia,"−42.340497, 147.937958",NA,"−42.340497, 147.937958",-42.340497,147.937958,Magallana gigas,OsHV-1 uVar ,2017,NA,Snowball,
1,Ugalde et al. 2018,Ugalde,2018,"Analysis of farm management strategies following herpesvirus (OsHV-1) disease outbreaks in Pacific oysters in Tasmania, Australia",https://www.sciencedirect.com/science/article/pii/S0044848618304484,"Blackman Bay, Tasmania",Australia,"−42.854509, 147.831351",NA,"−42.854509, 147.831351",-42.854509,147.831351,Magallana gigas,OsHV-1 uVar ,2017,NA,Snowball,
1,Ugalde et al. 2018,Ugalde,2018,"Analysis of farm management strategies following herpesvirus (OsHV-1) disease outbreaks in Pacific oysters in Tasmania, Australia",https://www.sciencedirect.com/science/article/pii/S0044848618304484,"Pitt Water, Tasmania",Australia,"−42.80806, 147.494742",NA,"−42.80806, 147.494742",-42.80806,147.494742,Magallana gigas,OsHV-1 uVar ,2017,NA,Snowball,
1,Ugalde et al. 2018,Ugalde,2018,"Analysis of farm management strategies following herpesvirus (OsHV-1) disease outbreaks in Pacific oysters in Tasmania, Australia",https://www.sciencedirect.com/science/article/pii/S0044848618304484,"Pipeclay Lagoon, Tasmania",Australia,"−42.969895, 147.524052",NA,"−42.969895, 147.524052",-42.969895,147.524052,Magallana gigas,OsHV-1 uVar ,2017,NA,Snowball,
2,Hwang et al. 2013,Hwang,2013,Ostreid herpesvirus 1 infection in farmed Pacific oyster larvae Crassostrea gigas (Thunberg) in Korea,https://europepmc.org/article/MED/23957681,"Toongyoung, Korea",Korea,NA,"34.851386, 128.451258

","34.851386, 128.451258

",34.851386,128.451258,Magallana gigas,OsHV-1 uVar ,2011,"JQ959597, JQ959598",Snowball,
2,Hwang et al. 2013,Hwang,2013,Ostreid herpesvirus 1 infection in farmed Pacific oyster larvae Crassostrea gigas (Thunberg) in Korea,https://europepmc.org/article/MED/23957681,"Gaejae, Korea",Korea,NA,"34.853509, 128.479269

","34.853509, 128.479269

",34.853509,128.479269,Magallana gigas,OsHV-1 uVar ,2011,"JQ959597, JQ959598",Snowball,
3,Mello et al. 2018,Mello,2018,First evidence of viral and bacterial oyster pathogens in the Brazilian coast,https://onlinelibrary.wiley.com/doi/10.1111/jfd.12755,"Sambaqui, Santa Catarina, Brazil",Brazil,"27°75′S, 48°57′W",NA,"-27.492213, -48.530338",-27.492213,-48.530338,Magallana gigas,OsHV-1,"2013, 2014",,Snowball,
3,Mello et al. 2018,Mello,2018,First evidence of viral and bacterial oyster pathogens in the Brazilian coast,https://onlinelibrary.wiley.com/doi/10.1111/jfd.12755,"Sambaqui, Santa Catarina, Brazil",Brazil,"27°75′S, 48°57′W",NA,"-27.492213, -48.530338",-27.492213,-48.530338,Crassostrea brasiliana,OsHV-1,"2013, 2014",,Snowball,
3,Mello et al. 2018,Mello,2018,First evidence of viral and bacterial oyster pathogens in the Brazilian coast,https://onlinelibrary.wiley.com/doi/10.1111/jfd.12755,"Balneário Barra do Sul, Santa Catarina, Brazil",Brazil,"26°32′S, 48°66′W",NA,"-27.492213, -48.530338",-27.492213,-48.530338,Crassostrea brasiliana,OsHV-1,"2013, 2014",,Snowball,
3,Mello et al. 2018,Mello,2018,First evidence of viral and bacterial oyster pathogens in the Brazilian coast,https://onlinelibrary.wiley.com/doi/10.1111/jfd.12755,"Balneário Barra do Sul, Santa Catarina, Brazil",Brazil,"26°32′S, 48°66′W",NA,"-27.492213, -48.530338",-27.492213,-48.530338,Magallana gigas,OsHV-1,"2013, 2014",,Snowball,
4,Renault et al. 2012,Renault,2012,Analysis of Clinical Ostreid Herpesvirus 1 (Malacoherpesviridae) Specimens by Sequencing Amplified Fragments from Three Virus Genome Areas,https://journals.asm.org/doi/10.1128/JVI.06534-11,France,France,NA,"49.717346, -1.907873","49.717346, -1.907873",49.717346,-1.907873,Magallana gigas,OsHV-1,,,Snowball,
4,Renault et al. 2012,Renault,2012,Analysis of Clinical Ostreid Herpesvirus 1 (Malacoherpesviridae) Specimens by Sequencing Amplified Fragments from Three Virus Genome Areas,https://journals.asm.org/doi/10.1128/JVI.06534-11,France,France,NA,"49.717346, -1.907873","49.717346, -1.907873",49.717346,-1.907873,Magallana gigas,OsHV-1,,,Snowball,
4,Renault et al. 2012,Renault,2012,Analysis of Clinical Ostreid Herpesvirus 1 (Malacoherpesviridae) Specimens by Sequencing Amplified Fragments from Three Virus Genome Areas,https://journals.asm.org/doi/10.1128/JVI.06534-11,France,France,NA,"49.717346, -1.907873","49.717346, -1.907873",49.717346,-1.907873,Magallana gigas,OsHV-1,,,Snowball,
4,Renault et al. 2012,Renault,2012,Analysis of Clinical Ostreid Herpesvirus 1 (Malacoherpesviridae) Specimens by Sequencing Amplified Fragments from Three Virus Genome Areas,https://journals.asm.org/doi/10.1128/JVI.06534-11,France,France,NA,"49.717346, -1.907873","49.717346, -1.907873",49.717346,-1.907873,Magallana gigas,OsHV-1,,,Snowball,
4,Renault et al. 2012,Renault,2012,Analysis of Clinical Ostreid Herpesvirus 1 (Malacoherpesviridae) Specimens by Sequencing Amplified Fragments from Three Virus Genome Areas,https://journals.asm.org/doi/10.1128/JVI.06534-11,France,France,NA,"49.717346, -1.907873","49.717346, -1.907873",49.717346,-1.907873,Magallana gigas,OsHV-1,,,Snowball,
4,Renault et al. 2012,Renault,2012,Analysis of Clinical Ostreid Herpesvirus 1 (Malacoherpesviridae) Specimens by Sequencing Amplified Fragments from Three Virus Genome Areas,https://journals.asm.org/doi/10.1128/JVI.06534-11,France,France,NA,"49.717346, -1.907873","49.717346, -1.907873",49.717346,-1.907873,Magallana gigas,OsHV-1,,,Snowball,
4,Renault et al. 2012,Renault,2012,Analysis of Clinical Ostreid Herpesvirus 1 (Malacoherpesviridae) Specimens by Sequencing Amplified Fragments from Three Virus Genome Areas,https://journals.asm.org/doi/10.1128/JVI.06534-11,France,France,NA,"49.717346, -1.907873","49.717346, -1.907873",49.717346,-1.907873,Magallana gigas,OsHV-1,,,Snowball,
4,Renault et al. 2012,Renault,2012,Analysis of Clinical Ostreid Herpesvirus 1 (Malacoherpesviridae) Specimens by Sequencing Amplified Fragments from Three Virus Genome Areas,https://journals.asm.org/doi/10.1128/JVI.06534-11,France,France,NA,"49.717346, -1.907873","49.717346, -1.907873",49.717346,-1.907873,Magallana gigas,OsHV-1,,,Snowball,
4,Renault et al. 2012,Renault,2012,Analysis of Clinical Ostreid Herpesvirus 1 (Malacoherpesviridae) Specimens by Sequencing Amplified Fragments from Three Virus Genome Areas,https://journals.asm.org/doi/10.1128/JVI.06534-11,France,France,NA,"49.717346, -1.907873","49.717346, -1.907873",49.717346,-1.907873,Magallana gigas,OsHV-1,,,Snowball,
4,Renault et al. 2012,Renault,2012,Analysis of Clinical Ostreid Herpesvirus 1 (Malacoherpesviridae) Specimens by Sequencing Amplified Fragments from Three Virus Genome Areas,https://journals.asm.org/doi/10.1128/JVI.06534-11,France,France,NA,"49.717346, -1.907873","49.717346, -1.907873",49.717346,-1.907873,Magallana gigas,OsHV-1,,,Snowball,
4,Renault et al. 2012,Renault,2012,Analysis of Clinical Ostreid Herpesvirus 1 (Malacoherpesviridae) Specimens by Sequencing Amplified Fragments from Three Virus Genome Areas,https://journals.asm.org/doi/10.1128/JVI.06534-11,France,France,NA,"49.717346, -1.907873","49.717346, -1.907873",49.717346,-1.907873,Magallana gigas,OsHV-1,,,Snowball,
4,Renault et al. 2012,Renault,2012,Analysis of Clinical Ostreid Herpesvirus 1 (Malacoherpesviridae) Specimens by Sequencing Amplified Fragments from Three Virus Genome Areas,https://journals.asm.org/doi/10.1128/JVI.06534-11,France,France,NA,"49.717346, -1.907873","49.717346, -1.907873",49.717346,-1.907873,Magallana gigas,OsHV-1,,,Snowball,
4,Renault et al. 2012,Renault,2012,Analysis of Clinical Ostreid Herpesvirus 1 (Malacoherpesviridae) Specimens by Sequencing Amplified Fragments from Three Virus Genome Areas,https://journals.asm.org/doi/10.1128/JVI.06534-11,France,France,NA,"49.717346, -1.907873","49.717346, -1.907873",49.717346,-1.907873,Magallana gigas,OsHV-1,,,Snowball,
4,Renault et al. 2012,Renault,2012,Analysis of Clinical Ostreid Herpesvirus 1 (Malacoherpesviridae) Specimens by Sequencing Amplified Fragments from Three Virus Genome Areas,https://journals.asm.org/doi/10.1128/JVI.06534-11,France,France,NA,"49.717346, -1.907873","49.717346, -1.907873",49.717346,-1.907873,Magallana gigas,OsHV-1,,,Snowball,
4,Renault et al. 2012,Renault,2012,Analysis of Clinical Ostreid Herpesvirus 1 (Malacoherpesviridae) Specimens by Sequencing Amplified Fragments from Three Virus Genome Areas,https://journals.asm.org/doi/10.1128/JVI.06534-11,France,France,NA,"49.717346, -1.907873","49.717346, -1.907873",49.717346,-1.907873,Magallana gigas,OsHV-1,,,Snowball,
4,Renault et al. 2012,Renault,2012,Analysis of Clinical Ostreid Herpesvirus 1 (Malacoherpesviridae) Specimens by Sequencing Amplified Fragments from Three Virus Genome Areas,https://journals.asm.org/doi/10.1128/JVI.06534-11,France,France,NA,"49.717346, -1.907873","49.717346, -1.907873",49.717346,-1.907873,Magallana gigas,OsHV-1,,,Snowball,
4,Renault et al. 2012,Renault,2012,Analysis of Clinical Ostreid Herpesvirus 1 (Malacoherpesviridae) Specimens by Sequencing Amplified Fragments from Three Virus Genome Areas,https://journals.asm.org/doi/10.1128/JVI.06534-11,France,France,NA,"49.717346, -1.907873","49.717346, -1.907873",49.717346,-1.907873,Magallana gigas,OsHV-1,,,Snowball,
4,Renault et al. 2012,Renault,2012,Analysis of Clinical Ostreid Herpesvirus 1 (Malacoherpesviridae) Specimens by Sequencing Amplified Fragments from Three Virus Genome Areas,https://journals.asm.org/doi/10.1128/JVI.06534-11,France,France,NA,"49.717346, -1.907873","49.717346, -1.907873",49.717346,-1.907873,Magallana gigas,OsHV-1,,,Snowball,
4,Renault et al. 2012,Renault,2012,Analysis of Clinical Ostreid Herpesvirus 1 (Malacoherpesviridae) Specimens by Sequencing Amplified Fragments from Three Virus Genome Areas,https://journals.asm.org/doi/10.1128/JVI.06534-11,France,France,NA,"49.717346, -1.907873","49.717346, -1.907873",49.717346,-1.907873,Magallana gigas,OsHV-1,,,Snowball,
4,Renault et al. 2012,Renault,2012,Analysis of Clinical Ostreid Herpesvirus 1 (Malacoherpesviridae) Specimens by Sequencing Amplified Fragments from Three Virus Genome Areas,https://journals.asm.org/doi/10.1128/JVI.06534-11,France,France,NA,"49.717346, -1.907873","49.717346, -1.907873",49.717346,-1.907873,Magallana gigas,OsHV-1,,,Snowball,
4,Renault et al. 2012,Renault,2012,Analysis of Clinical Ostreid Herpesvirus 1 (Malacoherpesviridae) Specimens by Sequencing Amplified Fragments from Three Virus Genome Areas,https://journals.asm.org/doi/10.1128/JVI.06534-11,France,France,NA,"49.717346, -1.907873","49.717346, -1.907873",49.717346,-1.907873,Magallana gigas,OsHV-1,,,Snowball,
4,Renault et al. 2012,Renault,2012,Analysis of Clinical Ostreid Herpesvirus 1 (Malacoherpesviridae) Specimens by Sequencing Amplified Fragments from Three Virus Genome Areas,https://journals.asm.org/doi/10.1128/JVI.06534-11,France,France,NA,"49.717346, -1.907873","49.717346, -1.907873",49.717346,-1.907873,Magallana gigas,OsHV-1,,,Snowball,
4,Renault et al. 2012,Renault,2012,Analysis of Clinical Ostreid Herpesvirus 1 (Malacoherpesviridae) Specimens by Sequencing Amplified Fragments from Three Virus Genome Areas,https://journals.asm.org/doi/10.1128/JVI.06534-11,France,France,NA,"49.717346, -1.907873","49.717346, -1.907873",49.717346,-1.907873,Magallana gigas,OsHV-1,,,Snowball,
4,Renault et al. 2012,Renault,2012,Analysis of Clinical Ostreid Herpesvirus 1 (Malacoherpesviridae) Specimens by Sequencing Amplified Fragments from Three Virus Genome Areas,https://journals.asm.org/doi/10.1128/JVI.06534-11,France,France,NA,"49.717346, -1.907873","49.717346, -1.907873",49.717346,-1.907873,Magallana gigas,OsHV-1,,,Snowball,
4,Renault et al. 2012,Renault,2012,Analysis of Clinical Ostreid Herpesvirus 1 (Malacoherpesviridae) Specimens by Sequencing Amplified Fragments from Three Virus Genome Areas,https://journals.asm.org/doi/10.1128/JVI.06534-11,France,France,NA,"49.717346, -1.907873","49.717346, -1.907873",49.717346,-1.907873,Magallana gigas,OsHV-1,,,Snowball,
4,Renault et al. 2012,Renault,2012,Analysis of Clinical Ostreid Herpesvirus 1 (Malacoherpesviridae) Specimens by Sequencing Amplified Fragments from Three Virus Genome Areas,https://journals.asm.org/doi/10.1128/JVI.06534-11,France,France,NA,"49.717346, -1.907873","49.717346, -1.907873",49.717346,-1.907873,Magallana gigas,OsHV-1,,,Snowball,
4,Renault et al. 2012,Renault,2012,Analysis of Clinical Ostreid Herpesvirus 1 (Malacoherpesviridae) Specimens by Sequencing Amplified Fragments from Three Virus Genome Areas,https://journals.asm.org/doi/10.1128/JVI.06534-11,France,France,NA,"49.717346, -1.907873","49.717346, -1.907873",49.717346,-1.907873,Magallana gigas,OsHV-1,,,Snowball,
4,Renault et al. 2012,Renault,2012,Analysis of Clinical Ostreid Herpesvirus 1 (Malacoherpesviridae) Specimens by Sequencing Amplified Fragments from Three Virus Genome Areas,https://journals.asm.org/doi/10.1128/JVI.06534-11,France,France,NA,"49.717346, -1.907873","49.717346, -1.907873",49.717346,-1.907873,Magallana gigas,OsHV-1,,,Snowball,
4,Renault et al. 2012,Renault,2012,Analysis of Clinical Ostreid Herpesvirus 1 (Malacoherpesviridae) Specimens by Sequencing Amplified Fragments from Three Virus Genome Areas,https://journals.asm.org/doi/10.1128/JVI.06534-11,France,France,NA,"49.717346, -1.907873","49.717346, -1.907873",49.717346,-1.907873,Magallana gigas,OsHV-1,,,Snowball,
4,Renault et al. 2012,Renault,2012,Analysis of Clinical Ostreid Herpesvirus 1 (Malacoherpesviridae) Specimens by Sequencing Amplified Fragments from Three Virus Genome Areas,https://journals.asm.org/doi/10.1128/JVI.06534-11,France,France,NA,"49.717346, -1.907873","49.717346, -1.907873",49.717346,-1.907873,Magallana gigas,OsHV-1,,,Snowball,
4,Renault et al. 2012,Renault,2012,Analysis of Clinical Ostreid Herpesvirus 1 (Malacoherpesviridae) Specimens by Sequencing Amplified Fragments from Three Virus Genome Areas,https://journals.asm.org/doi/10.1128/JVI.06534-11,France,France,NA,"49.717346, -1.907873","49.717346, -1.907873",49.717346,-1.907873,Magallana gigas,OsHV-1,,,Snowball,
4,Renault et al. 2012,Renault,2012,Analysis of Clinical Ostreid Herpesvirus 1 (Malacoherpesviridae) Specimens by Sequencing Amplified Fragments from Three Virus Genome Areas,https://journals.asm.org/doi/10.1128/JVI.06534-11,France,France,NA,"49.717346, -1.907873","49.717346, -1.907873",49.717346,-1.907873,Magallana gigas,OsHV-1,,,Snowball,
4,Renault et al. 2012,Renault,2012,Analysis of Clinical Ostreid Herpesvirus 1 (Malacoherpesviridae) Specimens by Sequencing Amplified Fragments from Three Virus Genome Areas,https://journals.asm.org/doi/10.1128/JVI.06534-11,France,France,NA,"49.717346, -1.907873","49.717346, -1.907873",49.717346,-1.907873,Magallana gigas,OsHV-1,,,Snowball,
4,Renault et al. 2012,Renault,2012,Analysis of Clinical Ostreid Herpesvirus 1 (Malacoherpesviridae) Specimens by Sequencing Amplified Fragments from Three Virus Genome Areas,https://journals.asm.org/doi/10.1128/JVI.06534-11,France,France,NA,"49.717346, -1.907873","49.717346, -1.907873",49.717346,-1.907873,Magallana gigas,OsHV-1,,,Snowball,
4,Renault et al. 2012,Renault,2012,Analysis of Clinical Ostreid Herpesvirus 1 (Malacoherpesviridae) Specimens by Sequencing Amplified Fragments from Three Virus Genome Areas,https://journals.asm.org/doi/10.1128/JVI.06534-11,France,France,NA,"49.717346, -1.907873","49.717346, -1.907873",49.717346,-1.907873,Magallana gigas,OsHV-1,,,Snowball,
4,Renault et al. 2012,Renault,2012,Analysis of Clinical Ostreid Herpesvirus 1 (Malacoherpesviridae) Specimens by Sequencing Amplified Fragments from Three Virus Genome Areas,https://journals.asm.org/doi/10.1128/JVI.06534-11,France,France,NA,"49.717346, -1.907873","49.717346, -1.907873",49.717346,-1.907873,Magallana gigas,OsHV-1,,,Snowball,
4,Renault et al. 2012,Renault,2012,Analysis of Clinical Ostreid Herpesvirus 1 (Malacoherpesviridae) Specimens by Sequencing Amplified Fragments from Three Virus Genome Areas,https://journals.asm.org/doi/10.1128/JVI.06534-11,France,France,NA,"49.717346, -1.907873","49.717346, -1.907873",49.717346,-1.907873,Magallana gigas,OsHV-1,,,Snowball,
4,Renault et al. 2012,Renault,2012,Analysis of Clinical Ostreid Herpesvirus 1 (Malacoherpesviridae) Specimens by Sequencing Amplified Fragments from Three Virus Genome Areas,https://journals.asm.org/doi/10.1128/JVI.06534-11,France,France,NA,"49.717346, -1.907873","49.717346, -1.907873",49.717346,-1.907873,Magallana gigas,OsHV-1,,,Snowball,
4,Renault et al. 2012,Renault,2012,Analysis of Clinical Ostreid Herpesvirus 1 (Malacoherpesviridae) Specimens by Sequencing Amplified Fragments from Three Virus Genome Areas,https://journals.asm.org/doi/10.1128/JVI.06534-11,France,France,NA,"49.717346, -1.907873","49.717346, -1.907873",49.717346,-1.907873,Magallana gigas,OsHV-1,,,Snowball,
4,Renault et al. 2012,Renault,2012,Analysis of Clinical Ostreid Herpesvirus 1 (Malacoherpesviridae) Specimens by Sequencing Amplified Fragments from Three Virus Genome Areas,https://journals.asm.org/doi/10.1128/JVI.06534-11,France,France,NA,"49.717346, -1.907873","49.717346, -1.907873",49.717346,-1.907873,Magallana gigas,OsHV-1,,,Snowball,
4,Renault et al. 2012,Renault,2012,Analysis of Clinical Ostreid Herpesvirus 1 (Malacoherpesviridae) Specimens by Sequencing Amplified Fragments from Three Virus Genome Areas,https://journals.asm.org/doi/10.1128/JVI.06534-11,France,France,NA,"49.717346, -1.907873","49.717346, -1.907873",49.717346,-1.907873,Magallana gigas,OsHV-1,,,Snowball,
4,Renault et al. 2012,Renault,2012,Analysis of Clinical Ostreid Herpesvirus 1 (Malacoherpesviridae) Specimens by Sequencing Amplified Fragments from Three Virus Genome Areas,https://journals.asm.org/doi/10.1128/JVI.06534-11,France,France,NA,"49.717346, -1.907873","49.717346, -1.907873",49.717346,-1.907873,Magallana gigas,OsHV-1,,,Snowball,
4,Renault et al. 2012,Renault,2012,Analysis of Clinical Ostreid Herpesvirus 1 (Malacoherpesviridae) Specimens by Sequencing Amplified Fragments from Three Virus Genome Areas,https://journals.asm.org/doi/10.1128/JVI.06534-11,France,France,NA,"49.717346, -1.907873","49.717346, -1.907873",49.717346,-1.907873,Magallana gigas,OsHV-1,,,Snowball,
4,Renault et al. 2012,Renault,2012,Analysis of Clinical Ostreid Herpesvirus 1 (Malacoherpesviridae) Specimens by Sequencing Amplified Fragments from Three Virus Genome Areas,https://journals.asm.org/doi/10.1128/JVI.06534-11,France,France,NA,"49.717346, -1.907873","49.717346, -1.907873",49.717346,-1.907873,Magallana gigas,OsHV-1,,,Snowball,
4,Renault et al. 2012,Renault,2012,Analysis of Clinical Ostreid Herpesvirus 1 (Malacoherpesviridae) Specimens by Sequencing Amplified Fragments from Three Virus Genome Areas,https://journals.asm.org/doi/10.1128/JVI.06534-11,France,France,NA,"49.717346, -1.907873","49.717346, -1.907873",49.717346,-1.907873,Magallana gigas,OsHV-1,,,Snowball,
4,Renault et al. 2012,Renault,2012,Analysis of Clinical Ostreid Herpesvirus 1 (Malacoherpesviridae) Specimens by Sequencing Amplified Fragments from Three Virus Genome Areas,https://journals.asm.org/doi/10.1128/JVI.06534-11,France,France,NA,"49.717346, -1.907873","49.717346, -1.907873",49.717346,-1.907873,Magallana gigas,OsHV-1,,,Snowball,
4,Renault et al. 2012,Renault,2012,Analysis of Clinical Ostreid Herpesvirus 1 (Malacoherpesviridae) Specimens by Sequencing Amplified Fragments from Three Virus Genome Areas,https://journals.asm.org/doi/10.1128/JVI.06534-11,France,France,NA,"49.717346, -1.907873","49.717346, -1.907873",49.717346,-1.907873,Magallana gigas,OsHV-1,,,Snowball,
4,Renault et al. 2012,Renault,2012,Analysis of Clinical Ostreid Herpesvirus 1 (Malacoherpesviridae) Specimens by Sequencing Amplified Fragments from Three Virus Genome Areas,https://journals.asm.org/doi/10.1128/JVI.06534-11,France,France,NA,"49.717346, -1.907873","49.717346, -1.907873",49.717346,-1.907873,Magallana gigas,OsHV-1,,,Snowball,
4,Renault et al. 2012,Renault,2012,Analysis of Clinical Ostreid Herpesvirus 1 (Malacoherpesviridae) Specimens by Sequencing Amplified Fragments from Three Virus Genome Areas,https://journals.asm.org/doi/10.1128/JVI.06534-11,France,France,NA,"49.717346, -1.907873","49.717346, -1.907873",49.717346,-1.907873,Magallana gigas,OsHV-1,,,Snowball,
4,Renault et al. 2012,Renault,2012,Analysis of Clinical Ostreid Herpesvirus 1 (Malacoherpesviridae) Specimens by Sequencing Amplified Fragments from Three Virus Genome Areas,https://journals.asm.org/doi/10.1128/JVI.06534-11,France,France,NA,"49.717346, -1.907873","49.717346, -1.907873",49.717346,-1.907873,Magallana gigas,OsHV-1,,,Snowball,
4,Renault et al. 2012,Renault,2012,Analysis of Clinical Ostreid Herpesvirus 1 (Malacoherpesviridae) Specimens by Sequencing Amplified Fragments from Three Virus Genome Areas,https://journals.asm.org/doi/10.1128/JVI.06534-11,France,France,NA,"49.717346, -1.907873","49.717346, -1.907873",49.717346,-1.907873,Magallana gigas,OsHV-1,,,Snowball,
4,Renault et al. 2012,Renault,2012,Analysis of Clinical Ostreid Herpesvirus 1 (Malacoherpesviridae) Specimens by Sequencing Amplified Fragments from Three Virus Genome Areas,https://journals.asm.org/doi/10.1128/JVI.06534-11,France,France,NA,"49.717346, -1.907873","49.717346, -1.907873",49.717346,-1.907873,Magallana gigas,OsHV-1,,,Snowball,
4,Renault et al. 2012,Renault,2012,Analysis of Clinical Ostreid Herpesvirus 1 (Malacoherpesviridae) Specimens by Sequencing Amplified Fragments from Three Virus Genome Areas,https://journals.asm.org/doi/10.1128/JVI.06534-11,France,France,NA,"49.717346, -1.907873","49.717346, -1.907873",49.717346,-1.907873,Magallana gigas,OsHV-1,,,Snowball,
4,Renault et al. 2012,Renault,2012,Analysis of Clinical Ostreid Herpesvirus 1 (Malacoherpesviridae) Specimens by Sequencing Amplified Fragments from Three Virus Genome Areas,https://journals.asm.org/doi/10.1128/JVI.06534-11,France,France,NA,"49.717346, -1.907873","49.717346, -1.907873",49.717346,-1.907873,Magallana gigas,OsHV-1,,,Snowball,
4,Renault et al. 2012,Renault,2012,Analysis of Clinical Ostreid Herpesvirus 1 (Malacoherpesviridae) Specimens by Sequencing Amplified Fragments from Three Virus Genome Areas,https://journals.asm.org/doi/10.1128/JVI.06534-11,France,France,NA,"49.717346, -1.907873","49.717346, -1.907873",49.717346,-1.907873,Magallana gigas,OsHV-1,,,Snowball,
4,Renault et al. 2012,Renault,2012,Analysis of Clinical Ostreid Herpesvirus 1 (Malacoherpesviridae) Specimens by Sequencing Amplified Fragments from Three Virus Genome Areas,https://journals.asm.org/doi/10.1128/JVI.06534-11,France,France,NA,"49.717346, -1.907873","49.717346, -1.907873",49.717346,-1.907873,Magallana gigas,OsHV-1,,,Snowball,
4,Renault et al. 2012,Renault,2012,Analysis of Clinical Ostreid Herpesvirus 1 (Malacoherpesviridae) Specimens by Sequencing Amplified Fragments from Three Virus Genome Areas,https://journals.asm.org/doi/10.1128/JVI.06534-11,France,France,NA,"49.717346, -1.907873","49.717346, -1.907873",49.717346,-1.907873,Magallana gigas,OsHV-1,,,Snowball,
4,Renault et al. 2012,Renault,2012,Analysis of Clinical Ostreid Herpesvirus 1 (Malacoherpesviridae) Specimens by Sequencing Amplified Fragments from Three Virus Genome Areas,https://journals.asm.org/doi/10.1128/JVI.06534-11,France,France,NA,"49.717346, -1.907873","49.717346, -1.907873",49.717346,-1.907873,Magallana gigas,OsHV-1,,,Snowball,
4,Renault et al. 2012,Renault,2012,Analysis of Clinical Ostreid Herpesvirus 1 (Malacoherpesviridae) Specimens by Sequencing Amplified Fragments from Three Virus Genome Areas,https://journals.asm.org/doi/10.1128/JVI.06534-11,France,France,NA,"49.717346, -1.907873","49.717346, -1.907873",49.717346,-1.907873,Magallana gigas,OsHV-1,,,Snowball,
4,Renault et al. 2012,Renault,2012,Analysis of Clinical Ostreid Herpesvirus 1 (Malacoherpesviridae) Specimens by Sequencing Amplified Fragments from Three Virus Genome Areas,https://journals.asm.org/doi/10.1128/JVI.06534-11,France,France,NA,"49.717346, -1.907873","49.717346, -1.907873",49.717346,-1.907873,Magallana gigas,OsHV-1,,,Snowball,
4,Renault et al. 2012,Renault,2012,Analysis of Clinical Ostreid Herpesvirus 1 (Malacoherpesviridae) Specimens by Sequencing Amplified Fragments from Three Virus Genome Areas,https://journals.asm.org/doi/10.1128/JVI.06534-11,France,France,NA,"49.717346, -1.907873","49.717346, -1.907873",49.717346,-1.907873,Magallana gigas,OsHV-1,,,Snowball,
4,Renault et al. 2012,Renault,2012,Analysis of Clinical Ostreid Herpesvirus 1 (Malacoherpesviridae) Specimens by Sequencing Amplified Fragments from Three Virus Genome Areas,https://journals.asm.org/doi/10.1128/JVI.06534-11,France,France,NA,"49.717346, -1.907873","49.717346, -1.907873",49.717346,-1.907873,Magallana gigas,OsHV-1,,,Snowball,
4,Renault et al. 2012,Renault,2012,Analysis of Clinical Ostreid Herpesvirus 1 (Malacoherpesviridae) Specimens by Sequencing Amplified Fragments from Three Virus Genome Areas,https://journals.asm.org/doi/10.1128/JVI.06534-11,France,France,NA,"49.717346, -1.907873","49.717346, -1.907873",49.717346,-1.907873,Magallana gigas,OsHV-1,,,Snowball,
4,Renault et al. 2012,Renault,2012,Analysis of Clinical Ostreid Herpesvirus 1 (Malacoherpesviridae) Specimens by Sequencing Amplified Fragments from Three Virus Genome Areas,https://journals.asm.org/doi/10.1128/JVI.06534-11,China,China,NA,"36.053318, 120.291358

","36.053318, 120.291358

",36.053318,20.291358,Magallana gigas,OsHV-1,,,Snowball,
4,Renault et al. 2012,Renault,2012,Analysis of Clinical Ostreid Herpesvirus 1 (Malacoherpesviridae) Specimens by Sequencing Amplified Fragments from Three Virus Genome Areas,https://journals.asm.org/doi/10.1128/JVI.06534-11 ,USA (California),USA,NA,"38.205431, -122.939066

","38.205431, -122.939066

",38.205431,-122.939066,Magallana gigas,OsHV-1,,,Snowball,
4,Renault et al. 2012,Renault,2012,Analysis of Clinical Ostreid Herpesvirus 1 (Malacoherpesviridae) Specimens by Sequencing Amplified Fragments from Three Virus Genome Areas,https://journals.asm.org/doi/10.1128/JVI.06534-11,Japan,Japan,NA,"33.017331, 130.183847

","33.017331, 130.183847

",33.017331,130.183847,Magallana gigas,OsHV-1,,,Snowball,
4,Renault et al. 2012,Renault,2012,Analysis of Clinical Ostreid Herpesvirus 1 (Malacoherpesviridae) Specimens by Sequencing Amplified Fragments from Three Virus Genome Areas,https://journals.asm.org/doi/10.1128/JVI.06534-11 ,Ireland,Ireland,NA,"-41.283525, 174.832068

","-41.283525, 174.832068

",-41.283525,174.832068,Magallana gigas,OsHV-1,,,Snowball,
4,Renault et al. 2012,Renault,2012,Analysis of Clinical Ostreid Herpesvirus 1 (Malacoherpesviridae) Specimens by Sequencing Amplified Fragments from Three Virus Genome Areas,https://journals.asm.org/doi/10.1128/JVI.06534-11,New Zealand,New Zealand,NA,"-41.283525, 174.832068

","-41.283525, 174.832068

",-41.283525,174.832068,Magallana gigas,OsHV-1,,,Snowball,
4,Renault et al. 2012,Renault,2012,Analysis of Clinical Ostreid Herpesvirus 1 (Malacoherpesviridae) Specimens by Sequencing Amplified Fragments from Three Virus Genome Areas,https://journals.asm.org/doi/10.1128/JVI.06534-11 ,New Zealand,New Zealand,NA,"-41.283525, 174.832068

","-41.283525, 174.832068

",-41.283525,174.832068,Magallana gigas,OsHV-1,,,Snowball,
4,Renault et al. 2012,Renault,2012,Analysis of Clinical Ostreid Herpesvirus 1 (Malacoherpesviridae) Specimens by Sequencing Amplified Fragments from Three Virus Genome Areas,https://journals.asm.org/doi/10.1128/JVI.06534-11,New Zealand,New Zealand,NA,"-41.283525, 174.832068

","-41.283525, 174.832068

",-41.283525,174.832068,Magallana gigas,OsHV-1,,,Snowball,
4,Renault et al. 2012,Renault,2012,Analysis of Clinical Ostreid Herpesvirus 1 (Malacoherpesviridae) Specimens by Sequencing Amplified Fragments from Three Virus Genome Areas,https://journals.asm.org/doi/10.1128/JVI.06534-11 ,New Zealand,New Zealand,NA,"-41.283525, 174.832068

","-41.283525, 174.832068

",-41.283525,174.832068,Magallana gigas,OsHV-1,,,Snowball,
4,Renault et al. 2012,Renault,2012,Analysis of Clinical Ostreid Herpesvirus 1 (Malacoherpesviridae) Specimens by Sequencing Amplified Fragments from Three Virus Genome Areas,https://journals.asm.org/doi/10.1128/JVI.06534-11,New Zealand,New Zealand,NA,"-41.283525, 174.832068

","-41.283525, 174.832068

",-41.283525,174.832068,Magallana gigas,OsHV-1,,,Snowball,
5,Segarra et al. 2010,Segarra,2010,"Detection and description of a particular Ostreid herpesvirus 1 genotype associated with massive mortality outbreaks of Pacific oysters, Crassostrea gigas, in France in 2008",https://www.sciencedirect.com/science/article/pii/S0168170210002364?via=ihub,Charente-Maritime,France,NA,"45.948768, -1.094332","45.948768, -1.094332",45.948768,-1.094332,Magallana gigas,OsHV-1,,,Snowball,
5,Segarra et al. 2010,Segarra,2010,"Detection and description of a particular Ostreid herpesvirus 1 genotype associated with massive mortality outbreaks of Pacific oysters, Crassostrea gigas, in France in 2008",https://www.sciencedirect.com/science/article/pii/S0168170210002364?via=ihub,Charente-Maritime,France,NA,"45.948768, -1.094332","45.948768, -1.094332",45.948768,-1.094332,Magallana gigas,OsHV-1 uVar,,,Snowball,
5,Segarra et al. 2010,Segarra,2010,"Detection and description of a particular Ostreid herpesvirus 1 genotype associated with massive mortality outbreaks of Pacific oysters, Crassostrea gigas, in France in 2008",https://www.sciencedirect.com/science/article/pii/S0168170210002364?via=ihub,Charente-Maritime,France,NA,"45.948768, -1.094332","45.948768, -1.094332",45.948768,-1.094332,Magallana gigas,OsHV-1 uVar,,,Snowball,
5,Segarra et al. 2010,Segarra,2010,"Detection and description of a particular Ostreid herpesvirus 1 genotype associated with massive mortality outbreaks of Pacific oysters, Crassostrea gigas, in France in 2008",https://www.sciencedirect.com/science/article/pii/S0168170210002364?via=ihub,Charente-Maritime,France,NA,"45.948768, -1.094332","45.948768, -1.094332",45.948768,-1.094332,Magallana gigas,OsHV-1,,,Snowball,
5,Segarra et al. 2010,Segarra,2010,"Detection and description of a particular Ostreid herpesvirus 1 genotype associated with massive mortality outbreaks of Pacific oysters, Crassostrea gigas, in France in 2008",https://www.sciencedirect.com/science/article/pii/S0168170210002364?via=ihub,Languedoc Roussillon,France,NA,"43.825073, 4.390202","43.825073, 4.390202",43.825073,4.390202,Magallana gigas,OsHV-1,,,Snowball,
5,Segarra et al. 2010,Segarra,2010,"Detection and description of a particular Ostreid herpesvirus 1 genotype associated with massive mortality outbreaks of Pacific oysters, Crassostrea gigas, in France in 2008",https://www.sciencedirect.com/science/article/pii/S0168170210002364?via=ihub,Languedoc Roussillon,France,NA,"43.825073, 4.390202","43.825073, 4.390202",43.825073,4.390202,Magallana gigas,OsHV-1,,,Snowball,
5,Segarra et al. 2010,Segarra,2010,"Detection and description of a particular Ostreid herpesvirus 1 genotype associated with massive mortality outbreaks of Pacific oysters, Crassostrea gigas, in France in 2008",https://www.sciencedirect.com/science/article/pii/S0168170210002364?via=ihub,Languedoc Roussillon,France,NA,"43.825073, 4.390202","43.825073, 4.390202",43.825073,4.390202,Magallana gigas,OsHV-1,,,Snowball,
5,Segarra et al. 2010,Segarra,2010,"Detection and description of a particular Ostreid herpesvirus 1 genotype associated with massive mortality outbreaks of Pacific oysters, Crassostrea gigas, in France in 2008",https://www.sciencedirect.com/science/article/pii/S0168170210002364?via=ihub,Languedoc Roussillon,France,NA,"43.825073, 4.390202","43.825073, 4.390202",43.825073,4.390202,Magallana gigas,OsHV-1,,,Snowball,
5,Segarra et al. 2010,Segarra,2010,"Detection and description of a particular Ostreid herpesvirus 1 genotype associated with massive mortality outbreaks of Pacific oysters, Crassostrea gigas, in France in 2008",https://www.sciencedirect.com/science/article/pii/S0168170210002364?via=ihub,Languedoc Roussillon,France,NA,"43.825073, 4.390202","43.825073, 4.390202",43.825073,4.390202,Magallana gigas,OsHV-1,,,Snowball,
5,Segarra et al. 2010,Segarra,2010,"Detection and description of a particular Ostreid herpesvirus 1 genotype associated with massive mortality outbreaks of Pacific oysters, Crassostrea gigas, in France in 2008",https://www.sciencedirect.com/science/article/pii/S0168170210002364?via=ihub,Languedoc Roussillon,France,NA,"43.825073, 4.390202","43.825073, 4.390202",43.825073,4.390202,Magallana gigas,OsHV-1,,,Snowball,
5,Segarra et al. 2010,Segarra,2010,"Detection and description of a particular Ostreid herpesvirus 1 genotype associated with massive mortality outbreaks of Pacific oysters, Crassostrea gigas, in France in 2008",https://www.sciencedirect.com/science/article/pii/S0168170210002364?via=ihub,Languedoc Roussillon,France,NA,"43.825073, 4.390202","43.825073, 4.390202",43.825073,4.390202,Magallana gigas,OsHV-1,,,Snowball,
5,Segarra et al. 2010,Segarra,2010,"Detection and description of a particular Ostreid herpesvirus 1 genotype associated with massive mortality outbreaks of Pacific oysters, Crassostrea gigas, in France in 2008",https://www.sciencedirect.com/science/article/pii/S0168170210002364?via=ihub,Languedoc Roussillon,France,NA,"43.825073, 4.390202","43.825073, 4.390202",43.825073,4.390202,Magallana gigas,OsHV-1,,,Snowball,
5,Segarra et al. 2010,Segarra,2010,"Detection and description of a particular Ostreid herpesvirus 1 genotype associated with massive mortality outbreaks of Pacific oysters, Crassostrea gigas, in France in 2008",https://www.sciencedirect.com/science/article/pii/S0168170210002364?via=ihub,Languedoc Roussillon,France,NA,"43.825073, 4.390202","43.825073, 4.390202",43.825073,4.390202,Magallana gigas,OsHV-1,,,Snowball,
5,Segarra et al. 2010,Segarra,2010,"Detection and description of a particular Ostreid herpesvirus 1 genotype associated with massive mortality outbreaks of Pacific oysters, Crassostrea gigas, in France in 2008",https://www.sciencedirect.com/science/article/pii/S0168170210002364?via=ihub,Languedoc Roussillon,France,NA,"43.825073, 4.390202","43.825073, 4.390202",43.825073,4.390202,Magallana gigas,OsHV-1,,,Snowball,
5,Segarra et al. 2010,Segarra,2010,"Detection and description of a particular Ostreid herpesvirus 1 genotype associated with massive mortality outbreaks of Pacific oysters, Crassostrea gigas, in France in 2008",https://www.sciencedirect.com/science/article/pii/S0168170210002364?via=ihub,Normandy,France,NA,"49.717346, -1.907873","49.717346, -1.907873",49.717346,-1.907873,Magallana gigas,OsHV-1 uVar,,,Snowball,
5,Segarra et al. 2010,Segarra,2010,"Detection and description of a particular Ostreid herpesvirus 1 genotype associated with massive mortality outbreaks of Pacific oysters, Crassostrea gigas, in France in 2008",https://www.sciencedirect.com/science/article/pii/S0168170210002364?via=ihub,Languedoc Roussillon,France,NA,"43.825073, 4.390202","43.825073, 4.390202",43.825073,4.390202,Magallana gigas,OsHV-1 uVar,,,Snowball,
5,Segarra et al. 2010,Segarra,2010,"Detection and description of a particular Ostreid herpesvirus 1 genotype associated with massive mortality outbreaks of Pacific oysters, Crassostrea gigas, in France in 2008",https://www.sciencedirect.com/science/article/pii/S0168170210002364?via=ihub,Normandy,France,NA,"49.717346, -1.907873","49.717346, -1.907873",49.717346,-1.907873,Magallana gigas,OsHV-1 uVar,,,Snowball,
5,Segarra et al. 2010,Segarra,2010,"Detection and description of a particular Ostreid herpesvirus 1 genotype associated with massive mortality outbreaks of Pacific oysters, Crassostrea gigas, in France in 2008",https://www.sciencedirect.com/science/article/pii/S0168170210002364?via=ihub,Charente-Maritime,France,NA,"45.948768, -1.094332","45.948768, -1.094332",45.948768,-1.094332,Magallana gigas,OsHV-1 uVar,,,Snowball,
5,Segarra et al. 2010,Segarra,2010,"Detection and description of a particular Ostreid herpesvirus 1 genotype associated with massive mortality outbreaks of Pacific oysters, Crassostrea gigas, in France in 2008",https://www.sciencedirect.com/science/article/pii/S0168170210002364?via=ihub,Charente-Maritime,France,NA,"45.948768, -1.094332","45.948768, -1.094332",45.948768,-1.094332,Magallana gigas,OsHV-1 uVar,,,Snowball,
5,Segarra et al. 2010,Segarra,2010,"Detection and description of a particular Ostreid herpesvirus 1 genotype associated with massive mortality outbreaks of Pacific oysters, Crassostrea gigas, in France in 2008",https://www.sciencedirect.com/science/article/pii/S0168170210002364?via=ihub,Normandy,France,NA,"49.717346, -1.907873","49.717346, -1.907873",49.717346,-1.907873,Magallana gigas,OsHV-1 uVar,,,Snowball,
5,Segarra et al. 2010,Segarra,2010,"Detection and description of a particular Ostreid herpesvirus 1 genotype associated with massive mortality outbreaks of Pacific oysters, Crassostrea gigas, in France in 2008",https://www.sciencedirect.com/science/article/pii/S0168170210002364?via=ihub,Normandy,France,NA,"49.717346, -1.907873","49.717346, -1.907873",49.717346,-1.907873,Magallana gigas,OsHV-1 uVar,,,Snowball,
5,Segarra et al. 2010,Segarra,2010,"Detection and description of a particular Ostreid herpesvirus 1 genotype associated with massive mortality outbreaks of Pacific oysters, Crassostrea gigas, in France in 2008",https://www.sciencedirect.com/science/article/pii/S0168170210002364?via=ihub,South Brittany,France,NA,"48.431392, -4.759700","48.431392, -4.759700",48.431392,-4.7597,Magallana gigas,OsHV-1 uVar,,,Snowball,
5,Segarra et al. 2010,Segarra,2010,"Detection and description of a particular Ostreid herpesvirus 1 genotype associated with massive mortality outbreaks of Pacific oysters, Crassostrea gigas, in France in 2008",https://www.sciencedirect.com/science/article/pii/S0168170210002364?via=ihub,South Brittany,France,NA,"48.431392, -4.759700","48.431392, -4.759700",48.431392,-4.7597,Magallana gigas,OsHV-1 uVar,,,Snowball,
5,Segarra et al. 2010,Segarra,2010,"Detection and description of a particular Ostreid herpesvirus 1 genotype associated with massive mortality outbreaks of Pacific oysters, Crassostrea gigas, in France in 2008",https://www.sciencedirect.com/science/article/pii/S0168170210002364?via=ihub,South Brittany,France,NA,"48.431392, -4.759700","48.431392, -4.759700",48.431392,-4.7597,Magallana gigas,OsHV-1 uVar,,,Snowball,
5,Segarra et al. 2010,Segarra,2010,"Detection and description of a particular Ostreid herpesvirus 1 genotype associated with massive mortality outbreaks of Pacific oysters, Crassostrea gigas, in France in 2008",https://www.sciencedirect.com/science/article/pii/S0168170210002364?via=ihub,South Brittany,France,NA,"48.431392, -4.759700","48.431392, -4.759700",48.431392,-4.7597,Magallana gigas,OsHV-1 uVar,,,Snowball,
5,Segarra et al. 2010,Segarra,2010,"Detection and description of a particular Ostreid herpesvirus 1 genotype associated with massive mortality outbreaks of Pacific oysters, Crassostrea gigas, in France in 2008",https://www.sciencedirect.com/science/article/pii/S0168170210002364?via=ihub,North Brittany,France,NA,"48.431392, -4.759700","48.431392, -4.759700",48.431392,-4.7597,Magallana gigas,OsHV-1,,,Snowball,
5,Segarra et al. 2010,Segarra,2010,"Detection and description of a particular Ostreid herpesvirus 1 genotype associated with massive mortality outbreaks of Pacific oysters, Crassostrea gigas, in France in 2008",https://www.sciencedirect.com/science/article/pii/S0168170210002364?via=ihub,Charente-Maritime,France,NA,"45.948768, -1.094332","45.948768, -1.094332",45.948768,-1.094332,Magallana gigas,OsHV-1,,,Snowball,
5,Segarra et al. 2010,Segarra,2010,"Detection and description of a particular Ostreid herpesvirus 1 genotype associated with massive mortality outbreaks of Pacific oysters, Crassostrea gigas, in France in 2008",https://www.sciencedirect.com/science/article/pii/S0168170210002364?via=ihub,Charente-Maritime,France,NA,"45.948768, -1.094332","45.948768, -1.094332",45.948768,-1.094332,Magallana gigas,OsHV-1,,,Snowball,
5,Segarra et al. 2010,Segarra,2010,"Detection and description of a particular Ostreid herpesvirus 1 genotype associated with massive mortality outbreaks of Pacific oysters, Crassostrea gigas, in France in 2008",https://www.sciencedirect.com/science/article/pii/S0168170210002364?via=ihub,Charente-Maritime,France,NA,"45.948768, -1.094332","45.948768, -1.094332",45.948768,-1.094332,Magallana gigas,OsHV-1,,,Snowball,
5,Segarra et al. 2010,Segarra,2010,"Detection and description of a particular Ostreid herpesvirus 1 genotype associated with massive mortality outbreaks of Pacific oysters, Crassostrea gigas, in France in 2008",https://www.sciencedirect.com/science/article/pii/S0168170210002364?via=ihub,Charente-Maritime,France,NA,"45.948768, -1.094332","45.948768, -1.094332",45.948768,-1.094332,Magallana gigas,OsHV-1,,,Snowball,
5,Segarra et al. 2010,Segarra,2010,"Detection and description of a particular Ostreid herpesvirus 1 genotype associated with massive mortality outbreaks of Pacific oysters, Crassostrea gigas, in France in 2008",https://www.sciencedirect.com/science/article/pii/S0168170210002364?via=ihub,Charente-Maritime,France,NA,"45.948768, -1.094332","45.948768, -1.094332",45.948768,-1.094332,Magallana gigas,OsHV-1 uVar,,,Snowball,
5,Segarra et al. 2010,Segarra,2010,"Detection and description of a particular Ostreid herpesvirus 1 genotype associated with massive mortality outbreaks of Pacific oysters, Crassostrea gigas, in France in 2008",https://www.sciencedirect.com/science/article/pii/S0168170210002364?via=ihub,Vendée,France,NA,"46.832531, -2.150655","46.832531, -2.150655",46.832531,-2.150655,Magallana gigas,OsHV-1,,,Snowball,
5,Segarra et al. 2010,Segarra,2010,"Detection and description of a particular Ostreid herpesvirus 1 genotype associated with massive mortality outbreaks of Pacific oysters, Crassostrea gigas, in France in 2008",https://www.sciencedirect.com/science/article/pii/S0168170210002364?via=ihub,Arachon,France,NA,"44.651403, -1.175354","44.651403, -1.175354",44.651403,-1.175354,Magallana gigas,OsHV-1 uVar,,,Snowball,
6,Malham et al. 2009,Malham,2009,"Detection and description of a particular Ostreid herpesvirus 1 genotype associated with massive mortality outbreaks of Pacific oysters, Crassostrea gigas, in France in 2008",https://www.sciencedirect.com/science/article/pii/S0044848608007485,Bannow Bay ,Ireland,"52°27′ N, 006°47′ W",NA,"52.450000, -6.783333",52.45,-6.783333,Magallana gigas,OsHV-1 ,,,Snowball,
6,Malham et al. 2009,Malham,2009,"Detection and description of a particular Ostreid herpesvirus 1 genotype associated with massive mortality outbreaks of Pacific oysters, Crassostrea gigas, in France in 2008",https://www.sciencedirect.com/science/article/pii/S0044848608007485,Dungarvan Harbour,Ireland,"52°03′ N, 007°35′ W",NA,"52.050000, -7.583333",52.05,-7.583333,Magallana gigas,OsHV-1 ,,,Snowball,
7,Morga et al. 2021,Morga,2021,Genomic Diversity of the Ostreid Herpesvirus Type 1 Across Time and Location and Among Host Species,https://www.frontiersin.org/articles/10.3389/fmicb.2021.711377/full,France,France,NA,"49.717346, -1.907873","49.717346, -1.907873",49.717346,-1.907873,Magallana gigas,OsHV-1 ,,NC_005881.2,Snowball,
7,Morga et al. 2021,Morga,2021,Genomic Diversity of the Ostreid Herpesvirus Type 1 Across Time and Location and Among Host Species,https://www.frontiersin.org/articles/10.3389/fmicb.2021.711377/full,United Kingdom,United Kingdom,NA,"53.726216, -4.723132","53.726216, -4.723132",53.726216,-4.723132,Magallana gigas,OsHV-1 ,,NC_005881.2,Snowball,
7,Morga et al. 2021,Morga,2021,Genomic Diversity of the Ostreid Herpesvirus Type 1 Across Time and Location and Among Host Species,https://www.frontiersin.org/articles/10.3389/fmicb.2021.711377/full,New Zealand,New Zealand,NA,"-41.283525, 174.832068

","-41.283525, 174.832068

",-41.283525,174.832068,Magallana gigas,OsHV-1 ,,NC_005881.2,Snowball,
7,Morga et al. 2021,Morga,2021,Genomic Diversity of the Ostreid Herpesvirus Type 1 Across Time and Location and Among Host Species,https://www.frontiersin.org/articles/10.3389/fmicb.2021.711377/full,Ireland,Ireland,NA,"-41.283525, 174.832068

","-41.283525, 174.832068

",-41.283525,174.832068,Magallana gigas,OsHV-1 ,,NC_005881.2,Snowball,
7,Morga et al. 2021,Morga,2021,Genomic Diversity of the Ostreid Herpesvirus Type 1 Across Time and Location and Among Host Species,https://www.frontiersin.org/articles/10.3389/fmicb.2021.711377/full,Japan,Japan,NA,"33.017331, 130.183847

","33.017331, 130.183847

",33.017331,130.183847,Magallana gigas,OsHV-1 ,,NC_005881.2,Snowball,
7,Morga et al. 2021,Morga,2021,Genomic Diversity of the Ostreid Herpesvirus Type 1 Across Time and Location and Among Host Species,https://www.frontiersin.org/articles/10.3389/fmicb.2021.711377/full,Netherlands,Netherlands,NA,"52.693081, 5.487811","52.693081, 5.487811",52.693081,5.487811,Magallana gigas,OsHV-1 ,,NC_005881.2,Snowball,
7,Morga et al. 2021,Morga,2021,Genomic Diversity of the Ostreid Herpesvirus Type 1 Across Time and Location and Among Host Species,https://www.frontiersin.org/articles/10.3389/fmicb.2021.711377/full,Spain,Spain,NA,"43.753142, -7.727630","43.753142, -7.727630",43.753142,-7.72763,Magallana gigas,OsHV-1 ,,NC_005881.2,Snowball,
7,Morga et al. 2021,Morga,2021,Genomic Diversity of the Ostreid Herpesvirus Type 1 Across Time and Location and Among Host Species,https://www.frontiersin.org/articles/10.3389/fmicb.2021.711377/full,Sweden,Sweden,NA,"62.319441, 17.540644","62.319441, 17.540644",62.319441,17.540644,Ostrea edulis,OsHV-1 ,,NC_005881.2,Snowball,
8,Lynch et al. 2012,Lynch,2012,"A previously undescribed ostreid herpes virus 1 (OsHV-1) genotype detected in the pacific oyster, Crassostrea gigas, in Ireland",https://www.cambridge.org/core/journals/parasitology/article/previously-undescribed-ostreid-herpes-virus-1-oshv1-genotype-detected-in-the-pacific-oyster-crassostrea-gigas-in-ireland/88D6EB5FCB13279A3F0070F1B71BACCE,"Bannow Bay, Ireland",Ireland,52°27′N 006°47′W,NA,"52.450000, -6.783333",52.45,-6.783333,Magallana gigas,OsHV-1 uVar,2003,JQ963169,Snowball,
8,Lynch et al. 2012,Lynch,2012,"A previously undescribed ostreid herpes virus 1 (OsHV-1) genotype detected in the pacific oyster, Crassostrea gigas, in Ireland",https://www.cambridge.org/core/journals/parasitology/article/previously-undescribed-ostreid-herpes-virus-1-oshv1-genotype-detected-in-the-pacific-oyster-crassostrea-gigas-in-ireland/88D6EB5FCB13279A3F0070F1B71BACCE,"Dungrvan Bay, Ireland",Ireland,52°03′N 007°35′W,NA,"52.050000, -7.583333",52.05,-7.583333,Magallana gigas,OsHV-1 uVar,2004,JQ963169,Snowball,
8,Lynch et al. 2012,Lynch,2012,"A previously undescribed ostreid herpes virus 1 (OsHV-1) genotype detected in the pacific oyster, Crassostrea gigas, in Ireland",https://www.cambridge.org/core/journals/parasitology/article/previously-undescribed-ostreid-herpes-virus-1-oshv1-genotype-detected-in-the-pacific-oyster-crassostrea-gigas-in-ireland/88D6EB5FCB13279A3F0070F1B71BACCE,"Bannow Bay, Ireland",Ireland,52°27′N 006°47′W,NA,"52.450000, -6.783333",52.45,-6.783333,Magallana gigas,OsHV-1 uVar,2003,JQ963169,Snowball,
8,Lynch et al. 2012,Lynch,2012,"A previously undescribed ostreid herpes virus 1 (OsHV-1) genotype detected in the pacific oyster, Crassostrea gigas, in Ireland",https://www.cambridge.org/core/journals/parasitology/article/previously-undescribed-ostreid-herpes-virus-1-oshv1-genotype-detected-in-the-pacific-oyster-crassostrea-gigas-in-ireland/88D6EB5FCB13279A3F0070F1B71BACCE,"Dungrvan Bay, Ireland",Ireland,52°03′N 007°35′W,NA,"52.050000, -7.583333",52.05,-7.583333,Magallana gigas,OsHV-1 uVar,2004,JQ963169,Snowball,
9,Jenkins et al. 2013,Jenkins,2013,Identification and characterisation of an ostreid herpesvirus-1 microvariant (OsHV-1 µ-var) in Crassostrea gigas (Pacific oysters) in Australia,https://pubmed.ncbi.nlm.nih.gov/23872855/,"Woolooware Bay, Australia",Australia,NA,"-34.031666666666666, 151.1511111111111
","-34.031666666666666, 151.1511111111111
",-34.03166667,151.1511111,Magallana gigas,OsHV-1 uVar,2010,,Snowball,
9,Jenkins et al. 2013,Jenkins,2013,Identification and characterisation of an ostreid herpesvirus-1 microvariant (OsHV-1 µ-var) in Crassostrea gigas (Pacific oysters) in Australia,https://pubmed.ncbi.nlm.nih.gov/23872855/,"Woolooware Bay, Australia",Australia,NA,"-34.031666666666666, 151.1511111111111
","-34.031666666666666, 151.1511111111111
",-34.03166667,151.1511111,Saccostrea glomerata,OsHV-1 uVar,2010,,Snowball,
9,Jenkins et al. 2013,Jenkins,2013,Identification and characterisation of an ostreid herpesvirus-1 microvariant (OsHV-1 µ-var) in Crassostrea gigas (Pacific oysters) in Australia,https://pubmed.ncbi.nlm.nih.gov/23872855/,"Parmatta River, Australia",Australia,NA,"-33.843322, 151.140800

","-33.843322, 151.140800

",-33.843322,151.1408,Magallana gigas,OsHV-1 uVar,2011,,Snowball,
9,Jenkins et al. 2013,Jenkins,2013,Identification and characterisation of an ostreid herpesvirus-1 microvariant (OsHV-1 µ-var) in Crassostrea gigas (Pacific oysters) in Australia,https://pubmed.ncbi.nlm.nih.gov/23872855/,"Quibray Bay, Australia",Australia,NA,"-34.015739, 151.188585","-34.015739, 151.188585",-34.015739,151.188585,Magallana gigas,OsHV-1 uVar,2011,,Snowball,
10,Paul-Pont et al. 2013,Paul-Pont,2013,Influence of husbandry practices on OsHV-1 associated mortality of Pacific oysters Crassostrea gigas,https://www.sciencedirect.com/science/article/pii/S0044848613003761?via%3Dihub,"Woolooware Bay, Australia",Australia,34.0118 S; 151.1463 E,NA,"-34.0118, 151.1463",-34.0118,151.1463,Magallana gigas,OsHV-1 ,2011,,Snowball,"Spat, Adult"
10,Paul-Pont et al. 2013,Paul-Pont,2013,Influence of husbandry practices on OsHV-1 associated mortality of Pacific oysters Crassostrea gigas,https://www.sciencedirect.com/science/article/pii/S0044848613003761?via%3Dihub,"Woolooware Bay, Australia",Australia,34.0254 S; 151.1400 E,NA,"-34.0254, 151.1400",-34.0254,151.14,Magallana gigas,OsHV-1 ,2012,,Snowball,"Spat, Adult"
10,Paul-Pont et al. 2013,Paul-Pont,2013,Influence of husbandry practices on OsHV-1 associated mortality of Pacific oysters Crassostrea gigas,https://www.sciencedirect.com/science/article/pii/S0044848613003761?via%3Dihub,"Woolooware Bay, Australia",Australia,34.0329 S; 151.1466 E,NA,"-34.0329, 151.1466",-34.0329,151.1466,Magallana gigas,OsHV-1 ,2011,,Snowball,"Spat, Adult"
11,Paul-Pont et al. 2014,Paul-Pont,2014,"Descriptive epidemiology of mass mortality due to Ostreid herpesvirus-1 (OsHV-1) in commercially farmed Pacific oysters (Crassostrea gigas) in the Hawkesbury River estuary, Australia",https://www.sciencedirect.com/science/article/pii/S0044848613006480,"Mooney Mooney Creek, Australia",Australia,NA,"-33.497724, 151.196961

","-33.497724, 151.196961

",-33.497724,151.196961,Magallana gigas,OsHV-1 ,2013,,Snowball,
11,Paul-Pont et al. 2014,Paul-Pont,2014,"Descriptive epidemiology of mass mortality due to Ostreid herpesvirus-1 (OsHV-1) in commercially farmed Pacific oysters (Crassostrea gigas) in the Hawkesbury River estuary, Australia",https://www.sciencedirect.com/science/article/pii/S0044848613006480,"Coba Bay, Australia",Australia,NA,"-33.540849, 151.126841

","-33.540849, 151.126841

",-33.540849,151.126841,Magallana gigas,OsHV-1 ,2013,,Snowball,
11,Paul-Pont et al. 2014,Paul-Pont,2014,"Descriptive epidemiology of mass mortality due to Ostreid herpesvirus-1 (OsHV-1) in commercially farmed Pacific oysters (Crassostrea gigas) in the Hawkesbury River estuary, Australia",https://www.sciencedirect.com/science/article/pii/S0044848613006480,"Porto Bay, Australia",Australia,NA,"-33.564248, 151.220310

","-33.564248, 151.220310

",-33.564248,151.22031,Magallana gigas,OsHV-1 ,2013,,Snowball,
11,Paul-Pont et al. 2014,Paul-Pont,2014,"Descriptive epidemiology of mass mortality due to Ostreid herpesvirus-1 (OsHV-1) in commercially farmed Pacific oysters (Crassostrea gigas) in the Hawkesbury River estuary, Australia",https://www.sciencedirect.com/science/article/pii/S0044848613006480,"Marra Marra Creek, Australia",Australia,NA,"-33.523899, 151.095738

","-33.523899, 151.095738

",-33.523899,151.095738,Magallana gigas,OsHV-1 ,2013,,Snowball,
12,Pande & Andel 2018,Pande,2018,"Ostreid herpesvirus and Vibrio species pilot surveillance study farmed Pacific Oysters (Magallana gigas) in Croisilles Harbour, Marlborough Sounds, New Zealand.",https://www.mpi.govt.nz/dmsdocument/33337-ostreid-herpesvirus-and-vibrio-species-pilot-surveillance-study-farmed-pacific-oysters-magallana-gigas-in-croisilles-harbour-marlborough-sounds-new-zealand,"Croisilles Harbour, Marlborough Sounds, New Zealand",New Zealand,NA,"-41.074888, 173.681842","-41.074888, 173.681842",-41.074888,173.681842,Magallana gigas,OsHV-1 uVar,2016,,Snowball,
12,Pande & Andel 2018,Pande,2018,"Ostreid herpesvirus and Vibrio species pilot surveillance study farmed Pacific Oysters (Magallana gigas) in Croisilles Harbour, Marlborough Sounds, New Zealand.",https://www.mpi.govt.nz/dmsdocument/33337-ostreid-herpesvirus-and-vibrio-species-pilot-surveillance-study-farmed-pacific-oysters-magallana-gigas-in-croisilles-harbour-marlborough-sounds-new-zealand,"Croisilles Harbour, Marlborough Sounds, New Zealand",New Zealand,NA,"-41.074888, 173.681842","-41.074888, 173.681842",-41.074888,173.681842,Magallana gigas,OsHV-1 uVar,2017,,Snowball,
13,Keeling et al. 2014,Keeling,2014,New Zealand juvenile oyster mortality associated with ostreid herpesvirus 1—an opportunistic longitudinal study,https://www.int-res.com/abstracts/dao/v109/n3/p231-239/,"Coromandel, New Zealand",New Zealand,NA,"-36.748620, 175.479523

","-36.748620, 175.479523

",-36.74862,175.479523,Magallana gigas,OsHV-1 uVar,1999,JN639858,Snowball,
13,Keeling et al. 2014,Keeling,2014,New Zealand juvenile oyster mortality associated with ostreid herpesvirus 1—an opportunistic longitudinal study,https://www.int-res.com/abstracts/dao/v109/n3/p231-239/,"Mahurangi Harbour, New Zealand",New Zealand,NA,"-36.476935, 174.722596","-36.476935, 174.722596",-36.476935,174.722596,Magallana gigas,OsHV-1 uVar,2010,,Snowball,
13,Keeling et al. 2014,Keeling,2014,New Zealand juvenile oyster mortality associated with ostreid herpesvirus 1—an opportunistic longitudinal study,https://www.int-res.com/abstracts/dao/v109/n3/p231-239/,"Dyers Creek, New Zealand",New Zealand,NA,"-36.458464, 174.702045

","-36.458464, 174.702045

",-36.458464,174.702045,Magallana gigas,OsHV-1 uVar,2010,,Snowball,
13,Keeling et al. 2014,Keeling,2014,New Zealand juvenile oyster mortality associated with ostreid herpesvirus 1—an opportunistic longitudinal study,https://www.int-res.com/abstracts/dao/v109/n3/p231-239/,"Kaipara, New Zealand",New Zealand,NA,"-36.379587, 174.238498

","-36.379587, 174.238498

",-36.379587,174.238498,Magallana gigas,OsHV-1 uVar,2010,,Snowball,
13,Keeling et al. 2014,Keeling,2014,New Zealand juvenile oyster mortality associated with ostreid herpesvirus 1—an opportunistic longitudinal study,https://www.int-res.com/abstracts/dao/v109/n3/p231-239/,"Bay of Islands, New Zealand",New Zealand,NA,"-35.213178, 174.126784

","-35.213178, 174.126784

",-35.213178,174.126784,Magallana gigas,OsHV-1 uVar,2010,,Snowball,
13,Keeling et al. 2014,Keeling,2014,New Zealand juvenile oyster mortality associated with ostreid herpesvirus 1—an opportunistic longitudinal study,https://www.int-res.com/abstracts/dao/v109/n3/p231-239/,"Bay of Islands, New Zealand",New Zealand,NA,"-35.213178, 174.126784

","-35.213178, 174.126784

",-35.213178,174.126784,Magallana gigas,OsHV-1 uVar,2011,,Snowball,
13,Keeling et al. 2014,Keeling,2014,New Zealand juvenile oyster mortality associated with ostreid herpesvirus 1—an opportunistic longitudinal study,https://www.int-res.com/abstracts/dao/v109/n3/p231-239/,Houhora harbour,New Zealand,NA,"-34.795816, 173.121269

","-34.795816, 173.121269

",-34.795816,173.121269,Magallana gigas,OsHV-1 uVar,2012,,Snowball,
14,Prado-Alvarez et al. 2015,Prado-Alvarez,2015,Occurrence of OsHV-1 in Crassostrea gigas Cultured in Ireland during an Exceptionally Warm Summer. Selection of Less Susceptible Oysters,https://www.ncbi.nlm.nih.gov/pmc/articles/PMC5099240/,East Coast of Ireland,Ireland,NA,"54.000245, -6.199476","54.000245, -6.199476",54.000245,-6.199476,Magallana gigas,OsHV-1 uVar,2012,,Snowball,"Site B, approx."
14,Prado-Alvarez et al. 2015,Prado-Alvarez,2015,Occurrence of OsHV-1 in Crassostrea gigas Cultured in Ireland during an Exceptionally Warm Summer. Selection of Less Susceptible Oysters,https://www.ncbi.nlm.nih.gov/pmc/articles/PMC5099240/,East Coast of Ireland,Ireland,NA,"52.081455, -7.580300","52.081455, -7.580300",52.081455,-7.5803,Magallana gigas,OsHV-1 uVar,2012,,Snowball,"Site C, approx."
15,Barbieri et al. 2019,Barbieri,2019,First detection of Ostreid herpesvirus 1 in wild Crassostrea gigas in Argentina,https://pubmed.ncbi.nlm.nih.gov/31356818/,"Bahía Blanca Estuary, Argentina",Argentina,NA,"-38.786782, -62.301102

","-38.786782, -62.301102

",-38.786782,-62.301102,Magallana gigas,OsHV-1 ,2017,MK610098,Snowball,
16,Vásquez-Yeomans et al. 2010,Vásquez-Yeomans,2010,"Gill erosion and herpesvirus in Crassostrea gigas cultured in Baja California, Mexico
",https://www.int-res.com/articles/dao2010/89/d089p137.pdf,"Bahía de San Quintín, Baja California",Mexico,"30° 24’ to 30° 30’ N, 115° 57’ to 116° 01’ W",NA,"30.433320, -115.966632",30.43332,-115.966632,Magallana gigas,OsHV-1 ,2000,,Snowball,
17,Friedman et al. 2005,Friedman,2005,"Herpes virus in juvenile Pacific oysters Crassostrea gigas from Tomales Bay, California, coincides with summer mortality episodes",https://www.int-res.com/abstracts/dao/v63/n1/p33-41/,"Tomales Bay, California, USA",USA,NA,"38.160363, -122.900956

","38.160363, -122.900956

",38.160363,-122.900956,Magallana gigas,OsHV-1 ,2002,,Snowball,
18,Burge et al. 2021,Burge,2021,"The first detection of a novel OsHV-1 microvariant in San Diego, California, USA",https://www.sciencedirect.com/science/article/abs/pii/S0022201121001038,"San Diego, California, USA",USA,"32°42′37.4“N, 117°10’23.9“W",,"32.712746, -117.173768

",32.712746,-117.173768,Magallana gigas,OsHV-1 uVar,2018,MW504462,Snowball,
19,Bai et al. 2015,Bai,2015,Emerging and endemic types of Ostreid herpesvirus 1 were detected in bivalves in China,https://www.sciencedirect.com/science/article/pii/S0022201114001785?via%3Dihub,"Changddao County, Shandong Province, China",China,NA,"38.184832, 120.762450
","38.184832, 120.762450
",38.184832,120.76245,Magallana gigas,OsHV-1 ,2013,,Snowball,
20,Xia et al. 2015,Xia,2015,Complete genome sequence of Ostreid herpesvirus-1 associated with mortalities of Scapharca broughtonii broodstocks,https://virologyj.biomedcentral.com/articles/10.1186/s12985-015-0334-0,"Changdao, China",China,NA,"37.852516, 120.824291","37.852516, 120.824291",37.852516,120.824291,Scapharca broughtonii,OsHV-1 ,2012,KP412538,Snowball,
21,Kim et al. 2019,Kim,2019,Mass mortality in Korean bay scallop (Argopecten irradians) associated with Ostreid Herpesvirus-1 μVar,https://pubmed.ncbi.nlm.nih.gov/30972971/,South Coast of Korea,Korea,NA,"35.013575, 128.538183

","35.013575, 128.538183

",35.013575,128.538183,Argopecten irradians,OsHV-1 uVar,2017,"MK569378, MK569379 and MK591136",Snowball,
21,Kim et al. 2019,Kim,2019,Mass mortality in Korean bay scallop (Argopecten irradians) associated with Ostreid Herpesvirus-1 μVar,https://pubmed.ncbi.nlm.nih.gov/30972971/,South Coast of Korea,Korea,NA,"35.013575, 128.538183

","35.013575, 128.538183

",35.013575,128.538183,Argopecten irradians,OsHV-1 uVar,2018,"MK569378, MK569379 and MK591136",Snowball,
22,Jee et al. 2013,Jee,2013,Detection of Ostreid Herpesvirus 1 from adult Pacific Oysters Crassostrea gigas Cultured in Korea,http://koreascience.or.kr/article/JAKO201319947249778.page,"Tongyeong Bay, Korea",Korea,NA,"34.830227, 128.434548

","34.830227, 128.434548

",34.830227,128.434548,Magallana gigas,OsHV-1 uVar,2012,,Snowball,
23,Shimahara et al. 2012,Shimahara,2012,Surveillance of Type 1 Ostreid Herpesvirus (OsHV-1) Variants in Japan,https://www.jstage.jst.go.jp/article/jsfp/47/4/47_129/_article,"Mie Prefecture, Japan",Japan,NA,"34.387551, 136.965868","34.387551, 136.965868",34.387551,136.965868,Magallana gigas,OsHV-1,2011,,Snowball,
23,Shimahara et al. 2012,Shimahara,2012,Surveillance of Type 1 Ostreid Herpesvirus (OsHV-1) Variants in Japan,https://www.jstage.jst.go.jp/article/jsfp/47/4/47_129/_article,"Hiroshima Prefecture, Japan",Japan,NA,"34.143747, 132.695714","34.143747, 132.695714",34.143747,132.695714,Magallana gigas,OsHV-1,2011,,Snowball,
23,Shimahara et al. 2012,Shimahara,2012,Surveillance of Type 1 Ostreid Herpesvirus (OsHV-1) Variants in Japan,https://www.jstage.jst.go.jp/article/jsfp/47/4/47_129/_article,"Miyagi Prefecture, Japan",Japan,NA,"38.246616, 141.143571","38.246616, 141.143571",38.246616,141.143571,Magallana gigas,OsHV-1,2011,,Snowball,
23,Shimahara et al. 2012,Shimahara,2012,Surveillance of Type 1 Ostreid Herpesvirus (OsHV-1) Variants in Japan,https://www.jstage.jst.go.jp/article/jsfp/47/4/47_129/_article,"Mie Prefecture, Japan",Japan,NA,"34.387551, 136.965868","34.387551, 136.965868",34.387551,136.965868,Magallana gigas,OsHV-1,2007,,Snowball,
23,Shimahara et al. 2012,Shimahara,2012,Surveillance of Type 1 Ostreid Herpesvirus (OsHV-1) Variants in Japan,https://www.jstage.jst.go.jp/article/jsfp/47/4/47_129/_article,"Hiroshima Prefecture, Japan",Japan,NA,"34.143747, 132.695714","34.143747, 132.695714",34.143747,132.695714,Magallana gigas,OsHV-1,2007,,Snowball,
23,Shimahara et al. 2012,Shimahara,2012,Surveillance of Type 1 Ostreid Herpesvirus (OsHV-1) Variants in Japan,https://www.jstage.jst.go.jp/article/jsfp/47/4/47_129/_article,"Miyagi Prefecture, Japan",Japan,NA,"38.246616, 141.143571","38.246616, 141.143571",38.246616,141.143571,Magallana gigas,OsHV-1,2007,,Snowball,
23,Shimahara et al. 2012,Shimahara,2012,Surveillance of Type 1 Ostreid Herpesvirus (OsHV-1) Variants in Japan,https://www.jstage.jst.go.jp/article/jsfp/47/4/47_129/_article,"Kumamoto, Japan",Japan,NA,"32.785682, 130.588925

","32.785682, 130.588925

",32.785682,130.588925,Crassostrea sikamea,OsHV-1,2007,,Snowball,
23,Shimahara et al. 2012,Shimahara,2012,Surveillance of Type 1 Ostreid Herpesvirus (OsHV-1) Variants in Japan,https://www.jstage.jst.go.jp/article/jsfp/47/4/47_129/_article,"Kumamoto, Japan",Japan,NA,"32.785682, 130.588925

","32.785682, 130.588925

",32.785682,130.588925,Crassostrea ariakensis,OsHV-1,2007,,Snowball,
24,Martenot et al. 2015,Martenot,2015,"Detection of undescribed ostreid herpesvirus 1 (OsHV-1) specimens from Pacific oyster, Crassostrea gigas",https://www.sciencedirect.com/science/article/pii/S0022201115300252,Charente-Maritime,France,NA,"45.948768, -1.094332","45.948768, -1.094332",45.948768,-1.094332,Magallana gigas,OsHV-1 uVar,2012,,Snowball,
24,Martenot et al. 2015,Martenot,2015,"Detection of undescribed ostreid herpesvirus 1 (OsHV-1) specimens from Pacific oyster, Crassostrea gigas",https://www.sciencedirect.com/science/article/pii/S0022201115300252,Normandy,France,NA,"49.717346, -1.907873","49.717346, -1.907873",49.717346,-1.907873,Magallana gigas,OsHV-1 uVar,2012,,Snowball,
24,Martenot et al. 2015,Martenot,2015,"Detection of undescribed ostreid herpesvirus 1 (OsHV-1) specimens from Pacific oyster, Crassostrea gigas",https://www.sciencedirect.com/science/article/pii/S0022201115300252,Brittany,France,NA,"48.605617, -2.647681","48.605617, -2.647681",48.605617,-2.647681,Magallana gigas,OsHV-1 uVar,2012,,Snowball,
24,Martenot et al. 2015,Martenot,2015,"Detection of undescribed ostreid herpesvirus 1 (OsHV-1) specimens from Pacific oyster, Crassostrea gigas",https://www.sciencedirect.com/science/article/pii/S0022201115300252,Gironde,France,NA,"45.470914, -1.174064","45.470914, -1.174064",45.470914,-1.174064,Magallana gigas,OsHV-1 uVar,2012,,Snowball,
24,Martenot et al. 2015,Martenot,2015,"Detection of undescribed ostreid herpesvirus 1 (OsHV-1) specimens from Pacific oyster, Crassostrea gigas",https://www.sciencedirect.com/science/article/pii/S0022201115300252,Portugal,Portugal,NA,"37.121704, -7.620029","37.121704, -7.620029",37.121704,-7.620029,Magallana gigas,OsHV-1 uVar,2012,,Snowball,
24,Martenot et al. 2015,Martenot,2015,"Detection of undescribed ostreid herpesvirus 1 (OsHV-1) specimens from Pacific oyster, Crassostrea gigas",https://www.sciencedirect.com/science/article/pii/S0022201115300252,Japan,Japan,NA,"32.785682, 130.588925

","32.785682, 130.588925

",32.785682,130.588925,Magallana gigas,OsHV-1 uVar,2012,,Snowball,
24,Martenot et al. 2015,Martenot,2015,"Detection of undescribed ostreid herpesvirus 1 (OsHV-1) specimens from Pacific oyster, Crassostrea gigas",https://www.sciencedirect.com/science/article/pii/S0022201115300252,Normandy,France,NA,"49.717346, -1.907873","49.717346, -1.907873",49.717346,-1.907873,Magallana gigas,OsHV-1 uVar,2009,,Snowball,
24,Martenot et al. 2015,Martenot,2015,"Detection of undescribed ostreid herpesvirus 1 (OsHV-1) specimens from Pacific oyster, Crassostrea gigas",https://www.sciencedirect.com/science/article/pii/S0022201115300252,Brittany,France,NA,"48.605617, -2.647681","48.605617, -2.647681",48.605617,-2.647681,Magallana gigas,OsHV-1 uVar,2010,,Snowball,
24,Martenot et al. 2015,Martenot,2015,"Detection of undescribed ostreid herpesvirus 1 (OsHV-1) specimens from Pacific oyster, Crassostrea gigas",https://www.sciencedirect.com/science/article/pii/S0022201115300252,Japan,Japan,NA,"32.785682, 130.588925

","32.785682, 130.588925

",32.785682,130.588925,Magallana gigas,OsHV-1 uVar,2011,,Snowball,
24,Martenot et al. 2015,Martenot,2015,"Detection of undescribed ostreid herpesvirus 1 (OsHV-1) specimens from Pacific oyster, Crassostrea gigas",https://www.sciencedirect.com/science/article/pii/S0022201115300252,Normandy,France,NA,"49.717346, -1.907873","49.717346, -1.907873",49.717346,-1.907873,Magallana gigas,OsHV-1 uVar,2012,,Snowball,
25,Dundon et al. 2011,Dundon,2011,Detection of Type 1 Ostreid Herpes variant (OsHV-1 uVar) with no associated mortality in French-origin Pacific cupped oyster Crassostrea gigas farmed in Italy,https://www.sciencedirect.com/science/article/pii/S0044848611001256,"Marche, Italy",Italy,43°25′N 13°43′E,"43.416143, 13.718034","43.416143, 13.718034",43.416143,13.718034,Magallana gigas,OsHV-1 uVar,2010,"HQ917018-HQ917032HQ917018, HQ917019, HQ917020, HQ917021, HQ917022, HQ917023, HQ917024, HQ917025, HQ917026, HQ917027, HQ917028, HQ917029, HQ917030, HQ917031, HQ917032",Snowball,
26,Abbadi et al. 2018,Abbadi,2018,Identification of a newly described OsHV-1 uVar from the North Adriatic Sea (Italy),https://www.ncbi.nlm.nih.gov/pmc/articles/PMC5994699/,"Porto Tolle area (Po Delta basin, North Adriatic Sea, Italy)",Italy,"44.961586, 12.471467","44.961586, 12.471467","44.961586, 12.471467",44.961586,12.471467,Magallana gigas,OsHV-1 uVar,2016,,Snowball,OsHV-1-PT
27,Batista et al. 2015,Batista,2015,Sequence variation in ostreid herpesvirus 1 microvar isolates detected in dying and asymptomatic Crassostrea angulata adults in the Iberian Peninsula: Insights into viral origin and spread,https://www.sciencedirect.com/science/article/pii/S0044848614004657?via%3Dihub,"Ria Formosa, Portugal",Portugal,NA,"37.121704, -7.620029","37.121704, -7.620029",37.121704,-7.620029,Crassostrea angulata,OsHV-1 uVar,2011,"KM593669 (C2/C6), KM593672 (IA2/IA1), KM593675 (GP1/GP2), KM593678 (NC1/NC2)",Snowball,
27,Batista et al. 2015,Batista,2015,Sequence variation in ostreid herpesvirus 1 microvar isolates detected in dying and asymptomatic Crassostrea angulata adults in the Iberian Peninsula: Insights into viral origin and spread,https://www.sciencedirect.com/science/article/pii/S0044848614004657?via%3Dihub,"Ria Formosa, Portugal",Portugal,NA,"37.121704, -7.620029","37.121704, -7.620029",37.121704,-7.620029,Crassostrea angulata,OsHV-1 uVar,2013,"KM593670 (C2/C6), KM593673 (IA2/IA1), KM593676 (GP1, GP2), KM593679 (NC1/NC2)",Snowball,
27,Batista et al. 2015,Batista,2015,Sequence variation in ostreid herpesvirus 1 microvar isolates detected in dying and asymptomatic Crassostrea angulata adults in the Iberian Peninsula: Insights into viral origin and spread,https://www.sciencedirect.com/science/article/pii/S0044848614004657?via%3Dihub,"Carreras River, Spain",Spain,NA,"37.198015, -7.309393","37.198015, -7.309393",37.198015,-7.309393,Crassostrea angulata,OsHV-1 uVar,2013,"KM593671 (C2/C6), KM593674 (IA2/IA1), KM593677 (GP1/GP2), KM593680 (NC1/NC2",Snowball,
28,Mortensen et al. 2016,Mortensen,2016,Summer mortalities and detection of ostreid herpesvirus microvariant in Pacific oyster Crassostrea gigas in Sweden and Norway,https://www.int-res.com/abstracts/dao/v117/n3/p171-176,"Svallhagen, Sweden",Sweden,"58.8684, 11.1555",NA,"58.8684, 11.1555",58.8684,11.1555,Magallana gigas,OsHV-1 uVar,2013,,Snowball,
28,Mortensen et al. 2016,Mortensen,2016,Summer mortalities and detection of ostreid herpesvirus microvariant in Pacific oyster Crassostrea gigas in Sweden and Norway,https://www.int-res.com/abstracts/dao/v117/n3/p171-176,"Koster, Sweden",Sweden,"58.8967, 11.0491",NA,"58.8967, 11.0491",58.8967,11.0491,Magallana gigas,OsHV-1 uVar,2014,,Snowball,
28,Mortensen et al. 2016,Mortensen,2016,Summer mortalities and detection of ostreid herpesvirus microvariant in Pacific oyster Crassostrea gigas in Sweden and Norway,https://www.int-res.com/abstracts/dao/v117/n3/p171-176,"Trälsundet, Sweden",Sweden,"58.9130, 11.1968",NA,"58.9130, 11.1968",58.913,11.1968,Magallana gigas,OsHV-1 uVar,2014,,Snowball,
28,Mortensen et al. 2016,Mortensen,2016,Summer mortalities and detection of ostreid herpesvirus microvariant in Pacific oyster Crassostrea gigas in Sweden and Norway,https://www.int-res.com/abstracts/dao/v117/n3/p171-176,"Saltösundet, Sweden",Sweden,"58.8743, 11.1459",NA,"58.8743, 11.1459",58.8743,11.1459,Magallana gigas,OsHV-1 uVar,2014,,Snowball,
28,Mortensen et al. 2016,Mortensen,2016,Summer mortalities and detection of ostreid herpesvirus microvariant in Pacific oyster Crassostrea gigas in Sweden and Norway,https://www.int-res.com/abstracts/dao/v117/n3/p171-176,"Fjällbacka, Sweden",Sweden,"58.5925, 11.2683",NA,"58.5925, 11.2683",58.5925,11.2683,Magallana gigas,OsHV-1 uVar,2014,,Snowball,
28,Mortensen et al. 2016,Mortensen,2016,Summer mortalities and detection of ostreid herpesvirus microvariant in Pacific oyster Crassostrea gigas in Sweden and Norway,https://www.int-res.com/abstracts/dao/v117/n3/p171-176,"Lysekil, Sweden",Sweden,"58.3083, 11.4503",NA,"58.3083, 11.4503",58.3083,11.4503,Magallana gigas,OsHV-1 uVar,2014,,Snowball,
28,Mortensen et al. 2016,Mortensen,2016,Summer mortalities and detection of ostreid herpesvirus microvariant in Pacific oyster Crassostrea gigas in Sweden and Norway,https://www.int-res.com/abstracts/dao/v117/n3/p171-176,"Hui, Norway",Norway,"59.1260, 10.3656",NA,"59.1260, 10.3656",59.126,10.3656,Magallana gigas,OsHV-1 uVar,2010,,Snowball,
28,Mortensen et al. 2016,Mortensen,2016,Summer mortalities and detection of ostreid herpesvirus microvariant in Pacific oyster Crassostrea gigas in Sweden and Norway,https://www.int-res.com/abstracts/dao/v117/n3/p171-176,"Hui, Norway",Norway,"59.1260, 10.3656",NA,"59.1260, 10.3656",59.126,10.3656,Magallana gigas,OsHV-1 uVar,2014,,Snowball,
28,Mortensen et al. 2016,Mortensen,2016,Summer mortalities and detection of ostreid herpesvirus microvariant in Pacific oyster Crassostrea gigas in Sweden and Norway,https://www.int-res.com/abstracts/dao/v117/n3/p171-176,"Tvedestrand, Norway",Norway,"58.5893, 8.9411",NA,"58.5893, 8.9411",58.5893,8.9411,Magallana gigas,OsHV-1 uVar,2014,,Snowball,
29,Roque et al. 2012,Roque,2012,First report of OsHV-1 microvar in Pacific oyster (Crassostrea gigas) cultured in Spain,https://www.sciencedirect.com/science/article/pii/S0044848611008295,"Fangar, Spain",Spain,NA,"40.769765, 0.764042","40.769765, 0.764042",40.769765,0.764042,Magallana gigas,OsHV-1,2005,"JN850960, JN850961, JN650962, JN650963, JN650964, JN650965, JN650966, JN650967, JN650968, JN650969, JN650970, JN650971, JN650972 and JN850973",Snowball,
29,Roque et al. 2012,Roque,2012,First report of OsHV-1 microvar in Pacific oyster (Crassostrea gigas) cultured in Spain,https://www.sciencedirect.com/science/article/pii/S0044848611008295,"Fangar, Spain",Spain,NA,"40.769765, 0.764042","40.769765, 0.764042",40.769765,0.764042,Magallana gigas,OsHV-1 uVar,2005,"JN850960, JN850961, JN650962, JN650963, JN650964, JN650965, JN650966, JN650967, JN650968, JN650969, JN650970, JN650971, JN650972 and JN850973",Snowball,
29,Roque et al. 2012,Roque,2012,First report of OsHV-1 microvar in Pacific oyster (Crassostrea gigas) cultured in Spain,https://www.sciencedirect.com/science/article/pii/S0044848611008295,"Fangar, Spain",Spain,NA,"40.769765, 0.764042","40.769765, 0.764042",40.769765,0.764042,Magallana gigas,OsHV-1,2008,"JN850960, JN850961, JN650962, JN650963, JN650964, JN650965, JN650966, JN650967, JN650968, JN650969, JN650970, JN650971, JN650972 and JN850973",Snowball,
29,Roque et al. 2012,Roque,2012,First report of OsHV-1 microvar in Pacific oyster (Crassostrea gigas) cultured in Spain,https://www.sciencedirect.com/science/article/pii/S0044848611008295,"Fangar, Spain",Spain,NA,"40.769765, 0.764042","40.769765, 0.764042",40.769765,0.764042,Magallana gigas,OsHV-1 uVar,2008,"JN850960, JN850961, JN650962, JN650963, JN650964, JN650965, JN650966, JN650967, JN650968, JN650969, JN650970, JN650971, JN650972 and JN850973",Snowball,
29,Roque et al. 2012,Roque,2012,First report of OsHV-1 microvar in Pacific oyster (Crassostrea gigas) cultured in Spain,https://www.sciencedirect.com/science/article/pii/S0044848611008295,"Fangar, Spain",Spain,NA,"40.769765, 0.764042","40.769765, 0.764042",40.769765,0.764042,Magallana gigas,OsHV-1,2009,"JN850960, JN850961, JN650962, JN650963, JN650964, JN650965, JN650966, JN650967, JN650968, JN650969, JN650970, JN650971, JN650972 and JN850973",Snowball,
29,Roque et al. 2012,Roque,2012,First report of OsHV-1 microvar in Pacific oyster (Crassostrea gigas) cultured in Spain,https://www.sciencedirect.com/science/article/pii/S0044848611008295,"Fangar, Spain",Spain,NA,"40.769765, 0.764042","40.769765, 0.764042",40.769765,0.764042,Magallana gigas,OsHV-1 uVar,2009,"JN850960, JN850961, JN650962, JN650963, JN650964, JN650965, JN650966, JN650967, JN650968, JN650969, JN650970, JN650971, JN650972 and JN850973",Snowball,
29,Roque et al. 2012,Roque,2012,First report of OsHV-1 microvar in Pacific oyster (Crassostrea gigas) cultured in Spain,https://www.sciencedirect.com/science/article/pii/S0044848611008295,"Alfacs, Spain",Spain,NA,"40.594750, 0.600054","40.594750, 0.600054",40.59475,0.600054,Magallana gigas,OsHV-1,2009,"JN850960, JN850961, JN650962, JN650963, JN650964, JN650965, JN650966, JN650967, JN650968, JN650969, JN650970, JN650971, JN650972 and JN850973",Snowball,
29,Roque et al. 2012,Roque,2012,First report of OsHV-1 microvar in Pacific oyster (Crassostrea gigas) cultured in Spain,https://www.sciencedirect.com/science/article/pii/S0044848611008295,"Alfacs, Spain",Spain,NA,"40.594750, 0.600054","40.594750, 0.600054",40.59475,0.600054,Magallana gigas,OsHV-1 uVar,2009,"JN850960, JN850961, JN650962, JN650963, JN650964, JN650965, JN650966, JN650967, JN650968, JN650969, JN650970, JN650971, JN650972 and JN850973",Snowball,
29,Roque et al. 2012,Roque,2012,First report of OsHV-1 microvar in Pacific oyster (Crassostrea gigas) cultured in Spain,https://www.sciencedirect.com/science/article/pii/S0044848611008295,"Fangar, Spain",Spain,NA,"40.769765, 0.764042","40.769765, 0.764042",40.769765,0.764042,Magallana gigas,OsHV-1 uVar,2010,"JN850960, JN850961, JN650962, JN650963, JN650964, JN650965, JN650966, JN650967, JN650968, JN650969, JN650970, JN650971, JN650972 and JN850973",Snowball,
30,Domeneghetti et al. 2014,Domeneghetti ,2014,"Mortality occurrence and pathogen detection in Crassostrea gigas and Mytilus galloprovincialis close-growing in shallow waters (Goro lagoon, Italy)",https://www.sciencedirect.com/science/article/abs/pii/S1050464814001727?via%3Dihub,"Goro Lagoon, Italy",Italy,"44° 48.728N, 12°17.905E",NA,"44.812151, 12.298466",44.812151,12.298466,Magallana gigas,OsHV-1 uVar,2011,HQ842610,Snowball,
30,Domeneghetti et al. 2014,Domeneghetti ,2014,"Mortality occurrence and pathogen detection in Crassostrea gigas and Mytilus galloprovincialis close-growing in shallow waters (Goro lagoon, Italy)",https://www.sciencedirect.com/science/article/abs/pii/S1050464814001727?via%3Dihub,"Goro Lagoon, Italy",Italy,"44° 48.728N, 12°17.905E",NA,"44.812151, 12.298466",44.812151,12.298466,Mytilus galloprovincialis,OsHV-1 uVar,2011,HQ842610,Snowball,
31,Garcia et al. 2011,Garcia,2011,Ostreid herpesvirus 1 detection and relationship with Crassostrea gigas spat mortality in France between 1998 and 2006,https://veterinaryresearch.biomedcentral.com/articles/10.1186/1297-9716-42-73,Charente-Maritime,France,NA,"45.948768, -1.094332","45.948768, -1.094332",45.948768,-1.094332,Magallana gigas,OsHV-1,1998,,Snowball,
31,Garcia et al. 2011,Garcia,2011,Ostreid herpesvirus 1 detection and relationship with Crassostrea gigas spat mortality in France between 1998 and 2006,https://veterinaryresearch.biomedcentral.com/articles/10.1186/1297-9716-42-73,Charente-Maritime,France,NA,"45.948768, -1.094332","45.948768, -1.094332",45.948768,-1.094332,Magallana gigas,OsHV-1,1999,,Snowball,
31,Garcia et al. 2011,Garcia,2011,Ostreid herpesvirus 1 detection and relationship with Crassostrea gigas spat mortality in France between 1998 and 2006,https://veterinaryresearch.biomedcentral.com/articles/10.1186/1297-9716-42-73,Charente-Maritime,France,NA,"45.948768, -1.094332","45.948768, -1.094332",45.948768,-1.094332,Magallana gigas,OsHV-1,2000,,Snowball,
31,Garcia et al. 2011,Garcia,2011,Ostreid herpesvirus 1 detection and relationship with Crassostrea gigas spat mortality in France between 1998 and 2006,https://veterinaryresearch.biomedcentral.com/articles/10.1186/1297-9716-42-73,Charente-Maritime,France,NA,"45.948768, -1.094332","45.948768, -1.094332",45.948768,-1.094332,Magallana gigas,OsHV-1,2001,,Snowball,
31,Garcia et al. 2011,Garcia,2011,Ostreid herpesvirus 1 detection and relationship with Crassostrea gigas spat mortality in France between 1998 and 2006,https://veterinaryresearch.biomedcentral.com/articles/10.1186/1297-9716-42-73,Charente-Maritime,France,NA,"45.948768, -1.094332","45.948768, -1.094332",45.948768,-1.094332,Magallana gigas,OsHV-1,2002,,Snowball,
31,Garcia et al. 2011,Garcia,2011,Ostreid herpesvirus 1 detection and relationship with Crassostrea gigas spat mortality in France between 1998 and 2006,https://veterinaryresearch.biomedcentral.com/articles/10.1186/1297-9716-42-73,Charente-Maritime,France,NA,"45.948768, -1.094332","45.948768, -1.094332",45.948768,-1.094332,Magallana gigas,OsHV-1,2003,,Snowball,
31,Garcia et al. 2011,Garcia,2011,Ostreid herpesvirus 1 detection and relationship with Crassostrea gigas spat mortality in France between 1998 and 2006,https://veterinaryresearch.biomedcentral.com/articles/10.1186/1297-9716-42-73,Charente-Maritime,France,NA,"45.948768, -1.094332","45.948768, -1.094332",45.948768,-1.094332,Magallana gigas,OsHV-1,2004,,Snowball,
31,Garcia et al. 2011,Garcia,2011,Ostreid herpesvirus 1 detection and relationship with Crassostrea gigas spat mortality in France between 1998 and 2006,https://veterinaryresearch.biomedcentral.com/articles/10.1186/1297-9716-42-73,Charente-Maritime,France,NA,"45.948768, -1.094332","45.948768, -1.094332",45.948768,-1.094332,Magallana gigas,OsHV-1,2005,,Snowball,
31,Garcia et al. 2011,Garcia,2011,Ostreid herpesvirus 1 detection and relationship with Crassostrea gigas spat mortality in France between 1998 and 2006,https://veterinaryresearch.biomedcentral.com/articles/10.1186/1297-9716-42-73,Charente-Maritime,France,NA,"45.948768, -1.094332","45.948768, -1.094332",45.948768,-1.094332,Magallana gigas,OsHV-1,2006,,Snowball,
32,de Kantzow et al. 2017,de Kantzow,2017,"Risk factors for mortality during the first occurrence of Pacific Oyster Mortality Syndrome due to Ostreid herpesvirus – 1 in Tasmania, 2016",https://www.sciencedirect.com/science/article/pii/S0044848616307256,"Upper Pitt Water, Tasmania",Australia,NA,"-42.802993, 147.469562

","-42.802993, 147.469562

",-42.802993,147.469562,Magallana gigas,OsHV-1 uVar,2016,,Snowball,
32,de Kantzow et al. 2017,de Kantzow,2017,"Risk factors for mortality during the first occurrence of Pacific Oyster Mortality Syndrome due to Ostreid herpesvirus – 1 in Tasmania, 2016",https://www.sciencedirect.com/science/article/pii/S0044848616307256,"Lower Pitt Water, Tasmania",Australia,NA,"-42.815613, 147.573808

","-42.815613, 147.573808

",-42.815613,147.573808,Magallana gigas,OsHV-1 uVar,2016,,Snowball,
32,de Kantzow et al. 2017,de Kantzow,2017,"Risk factors for mortality during the first occurrence of Pacific Oyster Mortality Syndrome due to Ostreid herpesvirus – 1 in Tasmania, 2016",https://www.sciencedirect.com/science/article/pii/S0044848616307256,"Blackmans' Bay, Tasmania",Australia,NA,"-42.848889, 147.866323

","-42.848889, 147.866323

",-42.848889,147.866323,Magallana gigas,OsHV-1 uVar,2016,,Snowball,
33,Evans et al. 2017,Evans,2017,"Detection of ostreid herpesvirus 1 microvariant DNA in aquatic invertebrate species, sediment and other samples collected from the Georges River estuary, New South Wales, Australia",https://www.int-res.com/abstracts/dao/v122/n3/p247-255/,"Site A, Woolooware Bay, Australia",Australia,"34° 01’ 54.0’’ S, 151° 09’ 04.0’’ E","-34.011088, 151.147129

","-34.011088, 151.147129

",-34.011088,151.147129,Magallana gigas,OsHV-1 uVar,2012,,Snowball,other species test positive for OsHV-1 uVar in this study
33,Evans et al. 2017,Evans,2017,"Detection of ostreid herpesvirus 1 microvariant DNA in aquatic invertebrate species, sediment and other samples collected from the Georges River estuary, New South Wales, Australia",https://www.int-res.com/abstracts/dao/v122/n3/p247-255/,"Site C, Woolooware Bay, Australia",Australia,"34° 01’ 54.0’’ S, 151° 09’ 04.0’’ E","-34.033813, 151.148375

","-34.033813, 151.148375

",-34.033813,151.148375,Magallana gigas,OsHV-1 uVar,2013,,Snowball,other species test positive for OsHV-1 uVar in this study
33,Evans et al. 2017,Evans,2017,"Detection of ostreid herpesvirus 1 microvariant DNA in aquatic invertebrate species, sediment and other samples collected from the Georges River estuary, New South Wales, Australia",https://www.int-res.com/abstracts/dao/v122/n3/p247-255/,"Site B, Woolooware Bay, Australia",Australia,"34° 01’ 54.0’’ S, 151° 09’ 04.0’’ E","-34.028167, 151.138987

","-34.028167, 151.138987

",-34.028167,151.138987,Magallana gigas,OsHV-1 uVar,2013,,Snowball,other species test positive for OsHV-1 uVar in this study
33,Evans et al. 2017,Evans,2017,"Detection of ostreid herpesvirus 1 microvariant DNA in aquatic invertebrate species, sediment and other samples collected from the Georges River estuary, New South Wales, Australia",https://www.int-res.com/abstracts/dao/v122/n3/p247-255/,"Gwawley Bay, Woolooware Bay, Australia",Australia,"34° 01’ 54.0’’ S, 151° 09’ 04.0’’ E","-34.015809, 151.117647

","-34.015809, 151.117647

",-34.015809,151.117647,Magallana gigas,OsHV-1 uVar,2013,,Snowball,other species test positive for OsHV-1 uVar in this study
33,Evans et al. 2017,Evans,2017,"Detection of ostreid herpesvirus 1 microvariant DNA in aquatic invertebrate species, sediment and other samples collected from the Georges River estuary, New South Wales, Australia",https://www.int-res.com/abstracts/dao/v122/n3/p247-255/,"Oyster Bay, Woolooware Bay, Australia",Australia,"34° 01’ 54.0’’ S, 151° 09’ 04.0’’ E","-34.005674, 151.087626

","-34.005674, 151.087626

",-34.005674,151.087626,Magallana gigas,OsHV-1 uVar,2013,,Snowball,other species test positive for OsHV-1 uVar in this study
33,Evans et al. 2017,Evans,2017,"Detection of ostreid herpesvirus 1 microvariant DNA in aquatic invertebrate species, sediment and other samples collected from the Georges River estuary, New South Wales, Australia",https://www.int-res.com/abstracts/dao/v122/n3/p247-255/,"Lime Kiln, Woolooware Bay, Australia",Australia,"34° 01’ 54.0’’ S, 151° 09’ 04.0’’ E","-33.988758, 151.055406","-33.988758, 151.055406",-33.988758,151.055406,Magallana gigas,OsHV-1 uVar,2013,,Snowball,
34,Gittenberger et al. 2016,Gittenberger,2016,"Ostreid herpesvirus OsHV-1lVar in Pacific oystersCrassostrea gigas (Thunberg 1793) of the Wadden Sea, aUNESCO world heritage site",https://onlinelibrary.wiley.com/doi/epdf/10.1111/jfd.12332,"Schiermonnikoog, Netherlands",Netherlands,NA,"53.488658, 6.286626","53.488658, 6.286626",53.488658,6.286626,Magallana gigas,OsHV-1 uVar,2012,,Snowball,
34,Gittenberger et al. 2016,Gittenberger,2016,"Ostreid herpesvirus OsHV-1lVar in Pacific oystersCrassostrea gigas (Thunberg 1793) of the Wadden Sea, aUNESCO world heritage site",https://onlinelibrary.wiley.com/doi/epdf/10.1111/jfd.12332,"Vierhuistergat, Netherlands",Netherlands,NA,"53.411719, 6.241308","53.411719, 6.241308",53.411719,6.241308,Magallana gigas,OsHV-1 uVar,2012,,Snowball,
34,Gittenberger et al. 2016,Gittenberger,2016,"Ostreid herpesvirus OsHV-1lVar in Pacific oystersCrassostrea gigas (Thunberg 1793) of the Wadden Sea, aUNESCO world heritage site",https://onlinelibrary.wiley.com/doi/epdf/10.1111/jfd.12332,"Eemshaven, Netherlands",Netherlands,NA,"53.446789, 6.834127","53.446789, 6.834127",53.446789,6.834127,Magallana gigas,OsHV-1 uVar,2012,,Snowball,
35,Morrissey et al. 2016,Morrissey,2016,An investigation of ostreid herpes virus microvariants found in Crassostrea gigas oyster producing bays in Ireland,https://www.sciencedirect.com/science/article/abs/pii/S004484861500109X?via%3Dihub,Woodstown,Ireland,,,,,,Magallana gigas,OsHV-1 uVar,2008,JQ963169,Snowball,
35,Morrissey et al. 2016,Morrissey,2016,An investigation of ostreid herpes virus microvariants found in Crassostrea gigas oyster producing bays in Ireland,https://www.sciencedirect.com/science/article/abs/pii/S004484861500109X?via%3Dihub,Woodstown,Ireland,,,,,,Magallana gigas,OsHV-1 uVar,2009,HQ842610,Snowball,
35,Morrissey et al. 2016,Morrissey,2016,An investigation of ostreid herpes virus microvariants found in Crassostrea gigas oyster producing bays in Ireland,https://www.sciencedirect.com/science/article/abs/pii/S004484861500109X?via%3Dihub,Woodstown,Ireland,,,,,,Magallana gigas,OsHV-1 uVar,2011,,Snowball,
35,Morrissey et al. 2016,Morrissey,2016,An investigation of ostreid herpes virus microvariants found in Crassostrea gigas oyster producing bays in Ireland,https://www.sciencedirect.com/science/article/abs/pii/S004484861500109X?via%3Dihub,Woodstown,Ireland,,,,,,Magallana gigas,OsHV-1 uVar,2012,,Snowball,
35,Morrissey et al. 2016,Morrissey,2016,An investigation of ostreid herpes virus microvariants found in Crassostrea gigas oyster producing bays in Ireland,https://www.sciencedirect.com/science/article/abs/pii/S004484861500109X?via%3Dihub,Castlemaine,Ireland,,,,,,Magallana gigas,OsHV-1 uVar,2008,JQ963169,Snowball,
35,Morrissey et al. 2016,Morrissey,2016,An investigation of ostreid herpes virus microvariants found in Crassostrea gigas oyster producing bays in Ireland,https://www.sciencedirect.com/science/article/abs/pii/S004484861500109X?via%3Dihub,Castlemaine,Ireland,,,,,,Magallana gigas,OsHV-1 uVar,2009,JQ963169,Snowball,
35,Morrissey et al. 2016,Morrissey,2016,An investigation of ostreid herpes virus microvariants found in Crassostrea gigas oyster producing bays in Ireland,https://www.sciencedirect.com/science/article/abs/pii/S004484861500109X?via%3Dihub,Castlemaine,Ireland,,,,,,Magallana gigas,OsHV-1 uVar,2009,HQ842610,Snowball,
35,Morrissey et al. 2016,Morrissey,2016,An investigation of ostreid herpes virus microvariants found in Crassostrea gigas oyster producing bays in Ireland,https://www.sciencedirect.com/science/article/abs/pii/S004484861500109X?via%3Dihub,Castlemaine,Ireland,,,,,,Magallana gigas,OsHV-1 uVar,2010,HQ842610,Snowball,
35,Morrissey et al. 2016,Morrissey,2016,An investigation of ostreid herpes virus microvariants found in Crassostrea gigas oyster producing bays in Ireland,https://www.sciencedirect.com/science/article/abs/pii/S004484861500109X?via%3Dihub,Castlemaine,Ireland,,,,,,Magallana gigas,OsHV-1 uVar,2011,,Snowball,
35,Morrissey et al. 2016,Morrissey,2016,An investigation of ostreid herpes virus microvariants found in Crassostrea gigas oyster producing bays in Ireland,https://www.sciencedirect.com/science/article/abs/pii/S004484861500109X?via%3Dihub,Dungarvan,Ireland,,,,,,Magallana gigas,OsHV-1 uVar,2009,HQ842610,Snowball,
35,Morrissey et al. 2016,Morrissey,2016,An investigation of ostreid herpes virus microvariants found in Crassostrea gigas oyster producing bays in Ireland,https://www.sciencedirect.com/science/article/abs/pii/S004484861500109X?via%3Dihub,Dungarvan,Ireland,,,,,,Magallana gigas,OsHV-1 uVar,2010,,Snowball,
35,Morrissey et al. 2016,Morrissey,2016,An investigation of ostreid herpes virus microvariants found in Crassostrea gigas oyster producing bays in Ireland,https://www.sciencedirect.com/science/article/abs/pii/S004484861500109X?via%3Dihub,Carlingford,Ireland,,,,,,Magallana gigas,OsHV-1 uVar,2009,HQ842610,Snowball,
35,Morrissey et al. 2016,Morrissey,2016,An investigation of ostreid herpes virus microvariants found in Crassostrea gigas oyster producing bays in Ireland,https://www.sciencedirect.com/science/article/abs/pii/S004484861500109X?via%3Dihub,Carlingford,Ireland,,,,,,Magallana gigas,OsHV-1 uVar,2011,,Snowball,
35,Morrissey et al. 2016,Morrissey,2016,An investigation of ostreid herpes virus microvariants found in Crassostrea gigas oyster producing bays in Ireland,https://www.sciencedirect.com/science/article/abs/pii/S004484861500109X?via%3Dihub,Trawbreaga,Ireland,,,,,,Magallana gigas,OsHV-1 uVar,2009,HQ842610,Snowball,
35,Morrissey et al. 2016,Morrissey,2016,An investigation of ostreid herpes virus microvariants found in Crassostrea gigas oyster producing bays in Ireland,https://www.sciencedirect.com/science/article/abs/pii/S004484861500109X?via%3Dihub,Donegal Bay,Ireland,,,,,,Magallana gigas,OsHV-1 uVar,2009,JQ963169,Snowball,
35,Morrissey et al. 2016,Morrissey,2016,An investigation of ostreid herpes virus microvariants found in Crassostrea gigas oyster producing bays in Ireland,https://www.sciencedirect.com/science/article/abs/pii/S004484861500109X?via%3Dihub,Donegal Bay,Ireland,,,,,,Magallana gigas,OsHV-1 uVar,2009,HQ842610,Snowball,
35,Morrissey et al. 2016,Morrissey,2016,An investigation of ostreid herpes virus microvariants found in Crassostrea gigas oyster producing bays in Ireland,https://www.sciencedirect.com/science/article/abs/pii/S004484861500109X?via%3Dihub,Donegal Bay,Ireland,,,,,,Magallana gigas,OsHV-1 uVar,2011,HQ842610,Snowball,
35,Morrissey et al. 2016,Morrissey,2016,An investigation of ostreid herpes virus microvariants found in Crassostrea gigas oyster producing bays in Ireland,https://www.sciencedirect.com/science/article/abs/pii/S004484861500109X?via%3Dihub,Donegal Bay,Ireland,,,,,,Magallana gigas,OsHV-1 uVar,2012,HQ842610,Snowball,
35,Morrissey et al. 2016,Morrissey,2016,An investigation of ostreid herpes virus microvariants found in Crassostrea gigas oyster producing bays in Ireland,https://www.sciencedirect.com/science/article/abs/pii/S004484861500109X?via%3Dihub,Trawenagh,Ireland,,,,,,Magallana gigas,OsHV-1 uVar,2009,HQ842610,Snowball,
35,Morrissey et al. 2016,Morrissey,2016,An investigation of ostreid herpes virus microvariants found in Crassostrea gigas oyster producing bays in Ireland,https://www.sciencedirect.com/science/article/abs/pii/S004484861500109X?via%3Dihub,Loughras Beag,Ireland,,,,,,Magallana gigas,OsHV-1 uVar,2009,HQ842610,Snowball,
35,Morrissey et al. 2016,Morrissey,2016,An investigation of ostreid herpes virus microvariants found in Crassostrea gigas oyster producing bays in Ireland,https://www.sciencedirect.com/science/article/abs/pii/S004484861500109X?via%3Dihub,Baltimore,Ireland,,,,,,Magallana gigas,OsHV-1 uVar,2009,JQ963169,Snowball,
35,Morrissey et al. 2016,Morrissey,2016,An investigation of ostreid herpes virus microvariants found in Crassostrea gigas oyster producing bays in Ireland,https://www.sciencedirect.com/science/article/abs/pii/S004484861500109X?via%3Dihub,Baltimore,Ireland,,,,,,Magallana gigas,OsHV-1 uVar,2012,HQ842610,Snowball,
35,Morrissey et al. 2016,Morrissey,2016,An investigation of ostreid herpes virus microvariants found in Crassostrea gigas oyster producing bays in Ireland,https://www.sciencedirect.com/science/article/abs/pii/S004484861500109X?via%3Dihub,Ballymacoda,Ireland,,,,,,Magallana gigas,OsHV-1 uVar,2009,HQ842610,Snowball,
35,Morrissey et al. 2016,Morrissey,2016,An investigation of ostreid herpes virus microvariants found in Crassostrea gigas oyster producing bays in Ireland,https://www.sciencedirect.com/science/article/abs/pii/S004484861500109X?via%3Dihub,Ballymacoda,Ireland,,,,,,Magallana gigas,OsHV-1 uVar,2011,,Snowball,
35,Morrissey et al. 2016,Morrissey,2016,An investigation of ostreid herpes virus microvariants found in Crassostrea gigas oyster producing bays in Ireland,https://www.sciencedirect.com/science/article/abs/pii/S004484861500109X?via%3Dihub,Dungloe,Ireland,,,,,,Magallana gigas,OsHV-1 uVar,2009,HQ842610,Snowball,
35,Morrissey et al. 2016,Morrissey,2016,An investigation of ostreid herpes virus microvariants found in Crassostrea gigas oyster producing bays in Ireland,https://www.sciencedirect.com/science/article/abs/pii/S004484861500109X?via%3Dihub,Valentia River/Caherciveen,Ireland,,,,,,Magallana gigas,OsHV-1 uVar,2009,HQ842610,Snowball,
35,Morrissey et al. 2016,Morrissey,2016,An investigation of ostreid herpes virus microvariants found in Crassostrea gigas oyster producing bays in Ireland,https://www.sciencedirect.com/science/article/abs/pii/S004484861500109X?via%3Dihub,Valentia River/Caherciveen,Ireland,,,,,,Magallana gigas,OsHV-1 uVar,2010,,Snowball,
35,Morrissey et al. 2016,Morrissey,2016,An investigation of ostreid herpes virus microvariants found in Crassostrea gigas oyster producing bays in Ireland,https://www.sciencedirect.com/science/article/abs/pii/S004484861500109X?via%3Dihub,Achill,Ireland,,,,,,Magallana gigas,OsHV-1 uVar,2009,HQ842610,Snowball,
35,Morrissey et al. 2016,Morrissey,2016,An investigation of ostreid herpes virus microvariants found in Crassostrea gigas oyster producing bays in Ireland,https://www.sciencedirect.com/science/article/abs/pii/S004484861500109X?via%3Dihub,Achill,Ireland,,,,,,Magallana gigas,OsHV-1 uVar,2011,,Snowball,
35,Morrissey et al. 2016,Morrissey,2016,An investigation of ostreid herpes virus microvariants found in Crassostrea gigas oyster producing bays in Ireland,https://www.sciencedirect.com/science/article/abs/pii/S004484861500109X?via%3Dihub,Clew Bay,Ireland,,,,,,Magallana gigas,OsHV-1 uVar,2009,HQ842610,Snowball,
35,Morrissey et al. 2016,Morrissey,2016,An investigation of ostreid herpes virus microvariants found in Crassostrea gigas oyster producing bays in Ireland,https://www.sciencedirect.com/science/article/abs/pii/S004484861500109X?via%3Dihub,Poulnarone Creek,Ireland,,,,,,Magallana gigas,OsHV-1,2009,AY509253,Snowball,
35,Morrissey et al. 2016,Morrissey,2016,An investigation of ostreid herpes virus microvariants found in Crassostrea gigas oyster producing bays in Ireland,https://www.sciencedirect.com/science/article/abs/pii/S004484861500109X?via%3Dihub,Lough Foyle,Ireland,,,,,,Magallana gigas,OsHV-1 uVar,2010,JQ963169,Snowball,
35,Morrissey et al. 2016,Morrissey,2016,An investigation of ostreid herpes virus microvariants found in Crassostrea gigas oyster producing bays in Ireland,https://www.sciencedirect.com/science/article/abs/pii/S004484861500109X?via%3Dihub,Mulroy,Ireland,,,,,,Magallana gigas,OsHV-1 uVar,2010,JQ963169,Snowball,
35,Morrissey et al. 2016,Morrissey,2016,An investigation of ostreid herpes virus microvariants found in Crassostrea gigas oyster producing bays in Ireland,https://www.sciencedirect.com/science/article/abs/pii/S004484861500109X?via%3Dihub,Wexford,Ireland,,,,,,Magallana gigas,OsHV-1 uVar,2010,HQ842610,Snowball,
35,Morrissey et al. 2016,Morrissey,2016,An investigation of ostreid herpes virus microvariants found in Crassostrea gigas oyster producing bays in Ireland,https://www.sciencedirect.com/science/article/abs/pii/S004484861500109X?via%3Dihub,Cork Harbour,Ireland,,,,,,Magallana gigas,OsHV-1 uVar,2010,HQ842610,Snowball,
35,Morrissey et al. 2016,Morrissey,2016,An investigation of ostreid herpes virus microvariants found in Crassostrea gigas oyster producing bays in Ireland,https://www.sciencedirect.com/science/article/abs/pii/S004484861500109X?via%3Dihub,Bannow Bay,Ireland,,,,,,Magallana gigas,OsHV-1 uVar,2010,HQ842610,Snowball,
35,Morrissey et al. 2016,Morrissey,2016,An investigation of ostreid herpes virus microvariants found in Crassostrea gigas oyster producing bays in Ireland,https://www.sciencedirect.com/science/article/abs/pii/S004484861500109X?via%3Dihub,Sherkin,Ireland,,,,,,Magallana gigas,OsHV-1 uVar,2010,HQ842610,Snowball,
35,Morrissey et al. 2016,Morrissey,2016,An investigation of ostreid herpes virus microvariants found in Crassostrea gigas oyster producing bays in Ireland,https://www.sciencedirect.com/science/article/abs/pii/S004484861500109X?via%3Dihub,Sherkin,Ireland,,,,,,Magallana gigas,OsHV-1 uVar,2012,,Snowball,
35,Morrissey et al. 2016,Morrissey,2016,An investigation of ostreid herpes virus microvariants found in Crassostrea gigas oyster producing bays in Ireland,https://www.sciencedirect.com/science/article/abs/pii/S004484861500109X?via%3Dihub,Ballinakill,Ireland,,,,,,Magallana gigas,OsHV-1 uVar,2011,HQ842610,Snowball,
35,Morrissey et al. 2016,Morrissey,2016,An investigation of ostreid herpes virus microvariants found in Crassostrea gigas oyster producing bays in Ireland,https://www.sciencedirect.com/science/article/abs/pii/S004484861500109X?via%3Dihub,Gweedore,Ireland,,,,,,Magallana gigas,OsHV-1 uVar,2011,HQ842610,Snowball,
35,Morrissey et al. 2016,Morrissey,2016,An investigation of ostreid herpes virus microvariants found in Crassostrea gigas oyster producing bays in Ireland,https://www.sciencedirect.com/science/article/abs/pii/S004484861500109X?via%3Dihub,Gweedore,Ireland,,,,,,Magallana gigas,OsHV-1 uVar,2012,,Snowball,
35,Morrissey et al. 2016,Morrissey,2016,An investigation of ostreid herpes virus microvariants found in Crassostrea gigas oyster producing bays in Ireland,https://www.sciencedirect.com/science/article/abs/pii/S004484861500109X?via%3Dihub,Lough Swxilly,Ireland,,,,,,Magallana gigas,OsHV-1 uVar,2009,HQ842610,Snowball,
35,Morrissey et al. 2016,Morrissey,2016,An investigation of ostreid herpes virus microvariants found in Crassostrea gigas oyster producing bays in Ireland,https://www.sciencedirect.com/science/article/abs/pii/S004484861500109X?via%3Dihub,Shannon Estuary,Ireland,,,,,,Magallana gigas,OsHV-1 uVar,2010,HQ842610,Snowball,
35,Morrissey et al. 2016,Morrissey,2016,An investigation of ostreid herpes virus microvariants found in Crassostrea gigas oyster producing bays in Ireland,https://www.sciencedirect.com/science/article/abs/pii/S004484861500109X?via%3Dihub,Oysterhaven,Ireland,,,,,,Magallana gigas,OsHV-1 uVar,2012,HQ842610,Snowball,
35,Morrissey et al. 2016,Morrissey,2016,An investigation of ostreid herpes virus microvariants found in Crassostrea gigas oyster producing bays in Ireland,https://www.sciencedirect.com/science/article/abs/pii/S004484861500109X?via%3Dihub,Drumcliff,Ireland,,,,,,Magallana gigas,OsHV-1 uVar,2012,HQ842610,Snowball,
,,,,,,,,,,,,,,,,,,
USE THIS STUDY TO ADD TO THIS LIST,,,,,,,,,,,,,,,,,,
https://link.springer.com/article/10.1007/s00227-014-2566-8,,,,,,,,,,,,,,,,,,
https://efsa.onlinelibrary.wiley.com/doi/abs/10.2903/j.efsa.2015.4122,,,,,,,,,,,,,,,,,,
