Study_numb,URL,Paper,Title,Year_Sampled,Species,OsHV_var
1,https://www.microbiologyresearch.org/content/journal/jgv/10.1099/0022-1317-82-4-865,Arzul et al. 2001,Evidence for interspecies transmission of oyster herpesvirus in marine bivalves,1995,Magallana gigas,OsHV-1
1,https://www.microbiologyresearch.org/content/journal/jgv/10.1099/0022-1317-82-4-865,Arzul et al. 2001,Evidence for interspecies transmission of oyster herpesvirus in marine bivalves,1997,Magallana gigas,OsHV-1
1,https://www.microbiologyresearch.org/content/journal/jgv/10.1099/0022-1317-82-4-865,Arzul et al. 2001,Evidence for interspecies transmission of oyster herpesvirus in marine bivalves,1997,Ostrea edulis,OsHV-1
1,https://www.microbiologyresearch.org/content/journal/jgv/10.1099/0022-1317-82-4-865,Arzul et al. 2001,Evidence for interspecies transmission of oyster herpesvirus in marine bivalves,1997,Ruditapes phillipinarum,OsHV-1
1,https://www.microbiologyresearch.org/content/journal/jgv/10.1099/0022-1317-82-4-865,Arzul et al. 2001,Evidence for interspecies transmission of oyster herpesvirus in marine bivalves,1998,Ruditapes decussatus,OsHV-1
1,https://www.microbiologyresearch.org/content/journal/jgv/10.1099/0022-1317-82-4-865,Arzul et al. 2001,Evidence for interspecies transmission of oyster herpesvirus in marine bivalves,2000,Magallana gigas,OsHV-1
1,https://www.microbiologyresearch.org/content/journal/jgv/10.1099/0022-1317-82-4-865,Arzul et al. 2001,Evidence for interspecies transmission of oyster herpesvirus in marine bivalves,2000,Ostrea edulis,OsHV-1
2,https://www.sciencedirect.com/science/article/pii/S0042682201911869?via%3Dihub,Arzul et al. 2001,French Scallops: A New Host for Ostreid Herpesvirus-1,2000,Pecten maximus,OsHV-1
3,https://www.sciencedirect.com/science/article/abs/pii/S1050464818305278?via%3Dihub,Bai et al. 2018,Dual transcriptomic analysis of Ostreid herpesvirus 1 infected Scapharca broughtonii with an emphasis on viral anti-apoptosis activities and host oxidative bursts,2014,Scapharca broughtonii,OsHV-1
4,https://www.sciencedirect.com/science/article/pii/S0022201114001785?via%3Dihub,Bai et al. 2015,Emerging and endemic types of Ostreid herpesvirus 1 were detected in bivalves in China,2001,Chlamys farreri,OsHV-1
4,https://www.sciencedirect.com/science/article/pii/S0022201114001785?via%3Dihub,Bai et al. 2015,Emerging and endemic types of Ostreid herpesvirus 1 were detected in bivalves in China,2002,Chlamys farreri,OsHV-1
4,https://www.sciencedirect.com/science/article/pii/S0022201114001785?via%3Dihub,Bai et al. 2015,Emerging and endemic types of Ostreid herpesvirus 1 were detected in bivalves in China,2003,Chlamys farreri,OsHV-1
4,https://www.sciencedirect.com/science/article/pii/S0022201114001785?via%3Dihub,Bai et al. 2015,Emerging and endemic types of Ostreid herpesvirus 1 were detected in bivalves in China,2004,Chlamys farreri,OsHV-1
4,https://www.sciencedirect.com/science/article/pii/S0022201114001785?via%3Dihub,Bai et al. 2015,Emerging and endemic types of Ostreid herpesvirus 1 were detected in bivalves in China,2005,Chlamys farreri,OsHV-1
4,https://www.sciencedirect.com/science/article/pii/S0022201114001785?via%3Dihub,Bai et al. 2015,Emerging and endemic types of Ostreid herpesvirus 1 were detected in bivalves in China,2006,Chlamys farreri,OsHV-1
4,https://www.sciencedirect.com/science/article/pii/S0022201114001785?via%3Dihub,Bai et al. 2015,Emerging and endemic types of Ostreid herpesvirus 1 were detected in bivalves in China,2007,Chlamys farreri,OsHV-1
4,https://www.sciencedirect.com/science/article/pii/S0022201114001785?via%3Dihub,Bai et al. 2015,Emerging and endemic types of Ostreid herpesvirus 1 were detected in bivalves in China,2008,Chlamys farreri,OsHV-1
4,https://www.sciencedirect.com/science/article/pii/S0022201114001785?via%3Dihub,Bai et al. 2015,Emerging and endemic types of Ostreid herpesvirus 1 were detected in bivalves in China,2009,Chlamys farreri,OsHV-1
4,https://www.sciencedirect.com/science/article/pii/S0022201114001785?via%3Dihub,Bai et al. 2015,Emerging and endemic types of Ostreid herpesvirus 1 were detected in bivalves in China,2010,Chlamys farreri,OsHV-1
4,https://www.sciencedirect.com/science/article/pii/S0022201114001785?via%3Dihub,Bai et al. 2015,Emerging and endemic types of Ostreid herpesvirus 1 were detected in bivalves in China,2011,Chlamys farreri,OsHV-1
4,https://www.sciencedirect.com/science/article/pii/S0022201114001785?via%3Dihub,Bai et al. 2015,Emerging and endemic types of Ostreid herpesvirus 1 were detected in bivalves in China,2011,Crassostrea hongkongensis,OsHV-1
4,https://www.sciencedirect.com/science/article/pii/S0022201114001785?via%3Dihub,Bai et al. 2015,Emerging and endemic types of Ostreid herpesvirus 1 were detected in bivalves in China,2012,Chlamys farreri,OsHV-1
4,https://www.sciencedirect.com/science/article/pii/S0022201114001785?via%3Dihub,Bai et al. 2015,Emerging and endemic types of Ostreid herpesvirus 1 were detected in bivalves in China,2012,Patinopecten yessoensis,OsHV-1
4,https://www.sciencedirect.com/science/article/pii/S0022201114001785?via%3Dihub,Bai et al. 2015,Emerging and endemic types of Ostreid herpesvirus 1 were detected in bivalves in China,2012,Scapharca broughtonii,OsHV-1
4,https://www.sciencedirect.com/science/article/pii/S0022201114001785?via%3Dihub,Bai et al. 2015,Emerging and endemic types of Ostreid herpesvirus 1 were detected in bivalves in China,2013,Chlamys farreri,OsHV-1
4,https://www.sciencedirect.com/science/article/pii/S0022201114001785?via%3Dihub,Bai et al. 2015,Emerging and endemic types of Ostreid herpesvirus 1 were detected in bivalves in China,2013,Ruditapes phillipinarum,OsHV-1
4,https://www.sciencedirect.com/science/article/pii/S0022201114001785?via%3Dihub,Bai et al. 2015,Emerging and endemic types of Ostreid herpesvirus 1 were detected in bivalves in China,2013,Crassostrea hongkongensis,OsHV-1
4,https://www.sciencedirect.com/science/article/pii/S0022201114001785?via%3Dihub,Bai et al. 2015,Emerging and endemic types of Ostreid herpesvirus 1 were detected in bivalves in China,2013,Scapharca broughtonii,OsHV-1
4,https://www.sciencedirect.com/science/article/pii/S0022201114001785?via%3Dihub,Bai et al. 2015,Emerging and endemic types of Ostreid herpesvirus 1 were detected in bivalves in China,2013,Magallana gigas,OsHV-1
4,https://www.sciencedirect.com/science/article/pii/S0022201114001785?via%3Dihub,Bai et al. 2015,Emerging and endemic types of Ostreid herpesvirus 1 were detected in bivalves in China,2013,Meretrix meretrix,OsHV-1
5,https://www.sciencedirect.com/science/article/abs/pii/S0022201116301240?via%3Dihub,Sanmartín et al. 2016,Evidence of vertical transmission of ostreid herpesvirus 1 in the Portuguese oyster Crassostrea angulata,NA,Crassostrea angulata,OsHV-1 μVar
6,https://link.springer.com/article/10.1007/s10499-015-9919-2,Serraca et al. 2016,"Mortality and ostreid herpesvirus 1 infection in the pacific oyster Crassostrea gigas in the Gulf of La Spezia, Italy",2011,Magallana gigas,OsHV-1
6,https://link.springer.com/article/10.1007/s10499-015-9919-2,Serraca et al. 2016,"Mortality and ostreid herpesvirus 1 infection in the pacific oyster Crassostrea gigas in the Gulf of La Spezia, Italy",2012,Magallana gigas,OsHV-1
6,https://link.springer.com/article/10.1007/s10499-015-9919-2,Serraca et al. 2016,"Mortality and ostreid herpesvirus 1 infection in the pacific oyster Crassostrea gigas in the Gulf of La Spezia, Italy",2013,Magallana gigas,OsHV-1
7,https://www.sciencedirect.com/science/article/pii/S0044848614004657?via%3Dihub,Batista et al. 2015,Sequence variation in ostreid herpesvirus 1 microvar isolates detected in dying and asymptomatic Crassostrea angulata adults in the Iberian Peninsula: Insights into viral origin and spread,2011,Crassostrea angulata,OsHV-1
7,https://www.sciencedirect.com/science/article/pii/S0044848614004657?via%3Dihub,Batista et al. 2015,Sequence variation in ostreid herpesvirus 1 microvar isolates detected in dying and asymptomatic Crassostrea angulata adults in the Iberian Peninsula: Insights into viral origin and spread,2013,Crassostrea angulata,OsHV-1
8,https://www.mdpi.com/1999-4915/10/10/529,Xin et al. 2018,"Ostreid Herpesvirus-1 Infects Specific Hemocytes in Ark Clam, Scapharca broughtonii",NA,Scapharca broughtonii,OsHV-1
9,https://scielo.conicyt.cl/pdf/lajar/v45n4/0718-560X-lajar-45-04-0699.pdf,Martínez-García et al. 2017,"OsHV-1 and notifiable protozoa in healthy Crassostrea corteziensis cultured in two distant areas of the Gulf of California
",2012,Crassostrea corteziensis,OsHV-1
10,https://www.sciencedirect.com/science/article/pii/S0022201121000203,Prado-Alvarez et al. 2021,First detection of OsHV-1 in the cephalopod Octopus vulgaris. Is the octopus a dead-end for OsHV-1?,2010,Octopus vulgaris,OsHV-1 μVar
10,https://www.sciencedirect.com/science/article/pii/S0022201121000203,Prado-Alvarez et al. 2021,First detection of OsHV-1 in the cephalopod Octopus vulgaris. Is the octopus a dead-end for OsHV-1?,2011,Octopus vulgaris,OsHV-1 μVar
10,https://www.sciencedirect.com/science/article/pii/S0022201121000203,Prado-Alvarez et al. 2021,First detection of OsHV-1 in the cephalopod Octopus vulgaris. Is the octopus a dead-end for OsHV-1?,2014,Octopus vulgaris,OsHV-1 μVar
10,https://www.sciencedirect.com/science/article/pii/S0022201121000203,Prado-Alvarez et al. 2021,First detection of OsHV-1 in the cephalopod Octopus vulgaris. Is the octopus a dead-end for OsHV-1?,2015,Octopus vulgaris,OsHV-1 μVar
11,https://www.int-res.com/abstracts/dao/v118/n1/p65-75/,Bai et al. 2016,Identification and characterization of ostreid herpesvirus 1 associated with massive mortalities of Scapharca broughtonii broodstocks in China,2012,Scapharca broughtonii,OsHV-1
11,https://www.int-res.com/abstracts/dao/v118/n1/p65-75/,Bai et al. 2016,Identification and characterization of ostreid herpesvirus 1 associated with massive mortalities of Scapharca broughtonii broodstocks in China,2013,Scapharca broughtonii,OsHV-1
12,https://journals.asm.org/doi/10.1128/JVI.06534-11,Renault et al. 2012,Analysis of Clinical Ostreid Herpesvirus 1 (Malacoherpesviridae) Specimens by Sequencing Amplified Fragments from Three Virus Genome Areas,1993,Magallana gigas,OsHV-1
12,https://journals.asm.org/doi/10.1128/JVI.06534-11,Renault et al. 2012,Analysis of Clinical Ostreid Herpesvirus 1 (Malacoherpesviridae) Specimens by Sequencing Amplified Fragments from Three Virus Genome Areas,1994,Magallana gigas,OsHV-1
12,https://journals.asm.org/doi/10.1128/JVI.06534-11,Renault et al. 2012,Analysis of Clinical Ostreid Herpesvirus 1 (Malacoherpesviridae) Specimens by Sequencing Amplified Fragments from Three Virus Genome Areas,1995,Magallana gigas,OsHV-1
12,https://journals.asm.org/doi/10.1128/JVI.06534-11,Renault et al. 2012,Analysis of Clinical Ostreid Herpesvirus 1 (Malacoherpesviridae) Specimens by Sequencing Amplified Fragments from Three Virus Genome Areas,2002,Magallana gigas,OsHV-1
12,https://journals.asm.org/doi/10.1128/JVI.06534-11,Renault et al. 2012,Analysis of Clinical Ostreid Herpesvirus 1 (Malacoherpesviridae) Specimens by Sequencing Amplified Fragments from Three Virus Genome Areas,2003,Magallana gigas,OsHV-1
12,https://journals.asm.org/doi/10.1128/JVI.06534-11,Renault et al. 2012,Analysis of Clinical Ostreid Herpesvirus 1 (Malacoherpesviridae) Specimens by Sequencing Amplified Fragments from Three Virus Genome Areas,2005,Magallana gigas,OsHV-1
12,https://journals.asm.org/doi/10.1128/JVI.06534-11,Renault et al. 2012,Analysis of Clinical Ostreid Herpesvirus 1 (Malacoherpesviridae) Specimens by Sequencing Amplified Fragments from Three Virus Genome Areas,2005,Magallana gigas,OsHV-1 μVar
12,https://journals.asm.org/doi/10.1128/JVI.06534-11,Renault et al. 2012,Analysis of Clinical Ostreid Herpesvirus 1 (Malacoherpesviridae) Specimens by Sequencing Amplified Fragments from Three Virus Genome Areas,2006,Magallana gigas,OsHV-1
12,https://journals.asm.org/doi/10.1128/JVI.06534-11,Renault et al. 2012,Analysis of Clinical Ostreid Herpesvirus 1 (Malacoherpesviridae) Specimens by Sequencing Amplified Fragments from Three Virus Genome Areas,2007,Magallana gigas,OsHV-1
12,https://journals.asm.org/doi/10.1128/JVI.06534-11,Renault et al. 2012,Analysis of Clinical Ostreid Herpesvirus 1 (Malacoherpesviridae) Specimens by Sequencing Amplified Fragments from Three Virus Genome Areas,2008,Magallana gigas,OsHV-1
12,https://journals.asm.org/doi/10.1128/JVI.06534-11,Renault et al. 2012,Analysis of Clinical Ostreid Herpesvirus 1 (Malacoherpesviridae) Specimens by Sequencing Amplified Fragments from Three Virus Genome Areas,2009,Magallana gigas,OsHV-1
12,https://journals.asm.org/doi/10.1128/JVI.06534-11,Renault et al. 2012,Analysis of Clinical Ostreid Herpesvirus 1 (Malacoherpesviridae) Specimens by Sequencing Amplified Fragments from Three Virus Genome Areas,2010,Magallana gigas,OsHV-1
13,https://www.int-res.com/abstracts/dao/v77/n3/p207-223/,Moss et al. 2007,Pathogens in Crassostrea ariakensis and other Asian oyster species: implications for non-native oyster introduction to Chesapeake Bay,1999,Crassostrea hongkongensis,OsHV-1
13,https://www.int-res.com/abstracts/dao/v77/n3/p207-223/,Moss et al. 2007,Pathogens in Crassostrea ariakensis and other Asian oyster species: implications for non-native oyster introduction to Chesapeake Bay,1999,Crassostrea ariakensis,OsHV-1
13,https://www.int-res.com/abstracts/dao/v77/n3/p207-223/,Moss et al. 2007,Pathogens in Crassostrea ariakensis and other Asian oyster species: implications for non-native oyster introduction to Chesapeake Bay,2002,Crassostrea hongkongensis,OsHV-1
13,https://www.int-res.com/abstracts/dao/v77/n3/p207-223/,Moss et al. 2007,Pathogens in Crassostrea ariakensis and other Asian oyster species: implications for non-native oyster introduction to Chesapeake Bay,2004,Crassostrea ariakensis,OsHV-1
13,https://www.int-res.com/abstracts/dao/v77/n3/p207-223/,Moss et al. 2007,Pathogens in Crassostrea ariakensis and other Asian oyster species: implications for non-native oyster introduction to Chesapeake Bay,2005,Crassostrea ariakensis,OsHV-1
13,https://www.int-res.com/abstracts/dao/v77/n3/p207-223/,Moss et al. 2007,Pathogens in Crassostrea ariakensis and other Asian oyster species: implications for non-native oyster introduction to Chesapeake Bay,2005,Magallana gigas,OsHV-1
13,https://www.int-res.com/abstracts/dao/v77/n3/p207-223/,Moss et al. 2007,Pathogens in Crassostrea ariakensis and other Asian oyster species: implications for non-native oyster introduction to Chesapeake Bay,2005,Crassostrea sikamea,OsHV-1
14,https://onlinelibrary.wiley.com/doi/full/10.1046/j.1365-2761.2001.00300.x?casa_token=DNEj9k2OMDYAAAAA%3AZVQ-yQk2U1ZwzkvFr-Gh4-a5NuOSaAPbvA9K08yYDS8-8MKmBrlwGInGR3twelzEtwlxqvclaVo1G0Xr,Renault et al. 2001,A herpes-like virus infecting Crassostrea gigas and Ruditapes philippinarum larvae in France,1997,Magallana gigas,Herpes-like virus
14,https://onlinelibrary.wiley.com/doi/full/10.1046/j.1365-2761.2001.00300.x?casa_token=DNEj9k2OMDYAAAAA%3AZVQ-yQk2U1ZwzkvFr-Gh4-a5NuOSaAPbvA9K08yYDS8-8MKmBrlwGInGR3twelzEtwlxqvclaVo1G0Xr,Renault et al. 2001,A herpes-like virus infecting Crassostrea gigas and Ruditapes philippinarum larvae in France,1997,Ruditapes phillipinarum,Herpes-like virus
14,https://www.int-res.com/abstracts/dao/v45/n1/p1-7/,Renault et al. 2001,A herpes-like virus infects a non-ostreid bivalve species: virus replication in Ruditapes philippinarum larvae,1997,Ruditapes phillipinarum,OsHV-1
15,https://www.sciencedirect.com/science/article/pii/S0044848618304484,Ugalde et al. 2018,"Analysis of farm management strategies following herpesvirus (OsHV-1) disease outbreaks in Pacific oysters in Tasmania, Australia",2017,Magallana gigas,OsHV-1 μVar
16,https://www.sciencedirect.com/science/article/abs/pii/S0022201121001038,Burge et al. 2021,"The first detection of a novel OsHV-1 microvariant in San Diego, California, USA",2018,Magallana gigas,OsHV-1 μVar
17,https://www.sciencedirect.com/science/article/pii/S0168170210002364?via=ihub,Segarra et al. 2010,"Detection and description of a particular Ostreid herpesvirus 1 genotype associated with massive mortality outbreaks of Pacific oysters, Crassostrea gigas, in France in 2008",1995,Magallana gigas,OsHV-1
17,https://www.sciencedirect.com/science/article/pii/S0168170210002364?via=ihub,Segarra et al. 2010,"Detection and description of a particular Ostreid herpesvirus 1 genotype associated with massive mortality outbreaks of Pacific oysters, Crassostrea gigas, in France in 2008",2003,Magallana gigas,OsHV-1
17,https://www.sciencedirect.com/science/article/pii/S0168170210002364?via=ihub,Segarra et al. 2010,"Detection and description of a particular Ostreid herpesvirus 1 genotype associated with massive mortality outbreaks of Pacific oysters, Crassostrea gigas, in France in 2008",2004,Magallana gigas,OsHV-1
17,https://www.sciencedirect.com/science/article/pii/S0168170210002364?via=ihub,Segarra et al. 2010,"Detection and description of a particular Ostreid herpesvirus 1 genotype associated with massive mortality outbreaks of Pacific oysters, Crassostrea gigas, in France in 2008",2005,Magallana gigas,OsHV-1
17,https://www.sciencedirect.com/science/article/pii/S0168170210002364?via=ihub,Segarra et al. 2010,"Detection and description of a particular Ostreid herpesvirus 1 genotype associated with massive mortality outbreaks of Pacific oysters, Crassostrea gigas, in France in 2008",2006,Magallana gigas,OsHV-1
17,https://www.sciencedirect.com/science/article/pii/S0168170210002364?via=ihub,Segarra et al. 2010,"Detection and description of a particular Ostreid herpesvirus 1 genotype associated with massive mortality outbreaks of Pacific oysters, Crassostrea gigas, in France in 2008",2007,Magallana gigas,OsHV-1
17,https://www.sciencedirect.com/science/article/pii/S0168170210002364?via=ihub,Segarra et al. 2010,"Detection and description of a particular Ostreid herpesvirus 1 genotype associated with massive mortality outbreaks of Pacific oysters, Crassostrea gigas, in France in 2008",2008,Magallana gigas,OsHV-1 μVar
17,https://www.sciencedirect.com/science/article/pii/S0168170210002364?via=ihub,Segarra et al. 2010,"Detection and description of a particular Ostreid herpesvirus 1 genotype associated with massive mortality outbreaks of Pacific oysters, Crassostrea gigas, in France in 2008",2008,Magallana gigas,OsHV-1
18,https://virologyj.biomedcentral.com/articles/10.1186/s12985-015-0334-0,Xia et al. 2015,Complete genome sequence of Ostreid herpesvirus-1 associated with mortalities of Scapharca broughtonii broodstocks,2012,Scapharca broughtonii,OsHV-1
19,https://veterinaryresearch.biomedcentral.com/articles/10.1186/1297-9716-42-27,Schikorski et al. 2011,Experimental infection of Pacific oyster Crassostrea gigas spat by ostreid herpesvirus 1: demonstration of oyster spat susceptibility,2008,Magallana gigas,OsHV-1 μVar
20,https://www.sciencedirect.com/science/article/pii/S0022201117304366?via%3Dihub,Xin et al. 2018,"Validation of housekeeping genes for quantitative mRNA expression analysis in OsHV-1 infected ark clam, Scapharca broughtonii",NA,Scapharca broughtonii,OsHV-1
21,https://www.sciencedirect.com/science/article/pii/S105046482200064X?via%3Dihub,Bai et al. 2022,Paired miRNA and RNA sequencing provides a first insight into molecular defense mechanisms of Scapharca broughtonii during ostreid herpesvirus-1 infection,2019,Scapharca broughtonii,OsHV-1
22,https://www.sciencedirect.com/science/article/pii/S016609340400045X?via%3Dihub,Barbosa-Solomieu et al. 2004,Diagnosis of Ostreid herpesvirus 1 in fixed paraffin-embedded archival samples using PCR and in situ hybridisation,1994,Magallana gigas,OsHV-1
22,https://www.sciencedirect.com/science/article/pii/S016609340400045X?via%3Dihub,Barbosa-Solomieu et al. 2004,Diagnosis of Ostreid herpesvirus 1 in fixed paraffin-embedded archival samples using PCR and in situ hybridisation,1994,Ostrea edulis,OsHV-1
23,https://www.isj.unimore.it/index.php/ISJ/article/view/730/488,Wang et al. 2022,Characterization  of  a  Novel  C-type  Lectin  against  OsHV-1  infection  in Scapharca broughtonii,NA,Scapharca broughtonii,OsHV-1
24,https://www.int-res.com/articles/dao2007/78/d078p181.pdf,da Silva et al. 2008,Herpesvirus infection in European flat oysters Ostrea edulis obtained from brood stocks of various geographic origins and grown in Galicia (NW Spain),2001,Ostrea edulis,OsHV-1
24,https://www.int-res.com/articles/dao2007/78/d078p181.pdf,da Silva et al. 2008,Herpesvirus infection in European flat oysters Ostrea edulis obtained from brood stocks of various geographic origins and grown in Galicia (NW Spain),2002,Ostrea edulis,OsHV-1
24,https://www.int-res.com/articles/dao2007/78/d078p181.pdf,da Silva et al. 2008,Herpesvirus infection in European flat oysters Ostrea edulis obtained from brood stocks of various geographic origins and grown in Galicia (NW Spain),2003,Ostrea edulis,OsHV-1
25,https://pubmed.ncbi.nlm.nih.gov/11104068/,Renault et al. 2000,Concomitant herpes-like virus infections in hatchery-reared larvae and nursery-cultured spat Crassostrea gigas and Ostrea edulis,1994,Magallana gigas,Herpes-like virus
25,https://pubmed.ncbi.nlm.nih.gov/11104068/,Renault et al. 2000,Concomitant herpes-like virus infections in hatchery-reared larvae and nursery-cultured spat Crassostrea gigas and Ostrea edulis,1994,Ostrea edulis,Herpes-like virus
26,https://www.int-res.com/articles/dao/46/d046p001.pdf,Arzul et al. 2001,Experimental herpes-like viral infections in marine bivalves: demonstration of interspecies transmission,1997,Crassostrea angulata,OsHV-1
26,https://www.int-res.com/articles/dao/46/d046p001.pdf,Arzul et al. 2001,Experimental herpes-like viral infections in marine bivalves: demonstration of interspecies transmission,1997,Magallana gigas,OsHV-1
26,https://www.int-res.com/articles/dao/46/d046p001.pdf,Arzul et al. 2001,Experimental herpes-like viral infections in marine bivalves: demonstration of interspecies transmission,1997,Ostrea edulis,OsHV-1
26,https://www.int-res.com/articles/dao/46/d046p001.pdf,Arzul et al. 2001,Experimental herpes-like viral infections in marine bivalves: demonstration of interspecies transmission,1998,Crassostrea angulata,OsHV-1
26,https://www.int-res.com/articles/dao/46/d046p001.pdf,Arzul et al. 2001,Experimental herpes-like viral infections in marine bivalves: demonstration of interspecies transmission,1998,Magallana gigas,OsHV-1
26,https://www.int-res.com/articles/dao/46/d046p001.pdf,Arzul et al. 2001,Experimental herpes-like viral infections in marine bivalves: demonstration of interspecies transmission,1998,Ostrea edulis,OsHV-1
26,https://www.int-res.com/articles/dao/46/d046p001.pdf,Arzul et al. 2001,Experimental herpes-like viral infections in marine bivalves: demonstration of interspecies transmission,1999,Crassostrea angulata,OsHV-1
26,https://www.int-res.com/articles/dao/46/d046p001.pdf,Arzul et al. 2001,Experimental herpes-like viral infections in marine bivalves: demonstration of interspecies transmission,1999,Magallana gigas,OsHV-1
26,https://www.int-res.com/articles/dao/46/d046p001.pdf,Arzul et al. 2001,Experimental herpes-like viral infections in marine bivalves: demonstration of interspecies transmission,1999,Ostrea edulis,OsHV-1
26,https://www.int-res.com/articles/dao/46/d046p001.pdf,Arzul et al. 2001,Experimental herpes-like viral infections in marine bivalves: demonstration of interspecies transmission,2000,Crassostrea angulata,OsHV-1
26,https://www.int-res.com/articles/dao/46/d046p001.pdf,Arzul et al. 2001,Experimental herpes-like viral infections in marine bivalves: demonstration of interspecies transmission,2000,Magallana gigas,OsHV-1
26,https://www.int-res.com/articles/dao/46/d046p001.pdf,Arzul et al. 2001,Experimental herpes-like viral infections in marine bivalves: demonstration of interspecies transmission,2000,Ostrea edulis,OsHV-1
26,https://www.int-res.com/articles/dao/46/d046p001.pdf,Arzul et al. 2001,Experimental herpes-like viral infections in marine bivalves: demonstration of interspecies transmission,2001,Magallana gigas,OsHV-1
26,https://www.int-res.com/articles/dao/46/d046p001.pdf,Arzul et al. 2001,Experimental herpes-like viral infections in marine bivalves: demonstration of interspecies transmission,2001,Ostrea edulis,OsHV-1
26,https://www.int-res.com/articles/dao/46/d046p001.pdf,Arzul et al. 2001,Experimental herpes-like viral infections in marine bivalves: demonstration of interspecies transmission,2002,Ostrea edulis,OsHV-1
27,https://onlinelibrary.wiley.com/doi/pdfdirect/10.1046/j.1365-2761.2001.00282.x,Renault & Arzul 2001,Herpes-like virus infections in hatchery-reared bivalve larvae in Europe: speci®c viral DNA detection by PCR,1997,Ruditapes phillipinarum,OsHV-1
27,https://onlinelibrary.wiley.com/doi/pdfdirect/10.1046/j.1365-2761.2001.00282.x,Renault & Arzul 2001,Herpes-like virus infections in hatchery-reared bivalve larvae in Europe: speci®c viral DNA detection by PCR,1997,Magallana gigas,OsHV-1
27,https://onlinelibrary.wiley.com/doi/pdfdirect/10.1046/j.1365-2761.2001.00282.x,Renault & Arzul 2001,Herpes-like virus infections in hatchery-reared bivalve larvae in Europe: speci®c viral DNA detection by PCR,1997,Ruditapes decussatus,OsHV-1
27,https://onlinelibrary.wiley.com/doi/pdfdirect/10.1046/j.1365-2761.2001.00282.x,Renault & Arzul 2001,Herpes-like virus infections in hatchery-reared bivalve larvae in Europe: speci®c viral DNA detection by PCR,1998,Ruditapes phillipinarum,OsHV-1
27,https://onlinelibrary.wiley.com/doi/pdfdirect/10.1046/j.1365-2761.2001.00282.x,Renault & Arzul 2001,Herpes-like virus infections in hatchery-reared bivalve larvae in Europe: speci®c viral DNA detection by PCR,1998,Magallana gigas,OsHV-1
27,https://onlinelibrary.wiley.com/doi/pdfdirect/10.1046/j.1365-2761.2001.00282.x,Renault & Arzul 2001,Herpes-like virus infections in hatchery-reared bivalve larvae in Europe: speci®c viral DNA detection by PCR,1998,Ruditapes decussatus,OsHV-1
27,https://onlinelibrary.wiley.com/doi/pdfdirect/10.1046/j.1365-2761.2001.00282.x,Renault & Arzul 2001,Herpes-like virus infections in hatchery-reared bivalve larvae in Europe: speci®c viral DNA detection by PCR,1999,Ruditapes phillipinarum,OsHV-1
27,https://onlinelibrary.wiley.com/doi/pdfdirect/10.1046/j.1365-2761.2001.00282.x,Renault & Arzul 2001,Herpes-like virus infections in hatchery-reared bivalve larvae in Europe: speci®c viral DNA detection by PCR,1999,Magallana gigas,OsHV-1
27,https://onlinelibrary.wiley.com/doi/pdfdirect/10.1046/j.1365-2761.2001.00282.x,Renault & Arzul 2001,Herpes-like virus infections in hatchery-reared bivalve larvae in Europe: speci®c viral DNA detection by PCR,1999,Ruditapes decussatus,OsHV-1
27,https://onlinelibrary.wiley.com/doi/pdfdirect/10.1046/j.1365-2761.2001.00282.x,Renault & Arzul 2001,Herpes-like virus infections in hatchery-reared bivalve larvae in Europe: speci®c viral DNA detection by PCR,2000,Ruditapes phillipinarum,OsHV-1
27,https://onlinelibrary.wiley.com/doi/pdfdirect/10.1046/j.1365-2761.2001.00282.x,Renault & Arzul 2001,Herpes-like virus infections in hatchery-reared bivalve larvae in Europe: speci®c viral DNA detection by PCR,2000,Magallana gigas,OsHV-1
27,https://onlinelibrary.wiley.com/doi/pdfdirect/10.1046/j.1365-2761.2001.00282.x,Renault & Arzul 2001,Herpes-like virus infections in hatchery-reared bivalve larvae in Europe: speci®c viral DNA detection by PCR,2000,Ruditapes decussatus,OsHV-1
28,https://www.int-res.com/articles/dao/32/d032p161.pdf,Hine et al. 1998,Replication of a herpes-like virus in larvae of the flat oyster Tiostrea chilensis at ambient temperatures,NA,Tiostrea chilensis,OsHV-1
29,https://www.semanticscholar.org/paper/Herpesviruses-associated-with-mortalities-among-Hine-Wesney/8a0c4d9d9f6caa22a79308d04334dbf980ac8eab,Hine et al. 1992,Herpesviruses associated with mortalities among hatchery-reared larval Pacific oysters Crassostrea gigas,1991,Magallana gigas,Herpesvirus
30,http://eafp.org/download/1992-Volume12/Issue%201/3-Nicolas%20et%20al.pdf,Nicolas et al. 1992,Herpes-like virus infecting Pacific-oyster larvae Crassostrea gigas,1991,Magallana gigas,Herpes-like virus
31,https://www.sciencedirect.com/science/article/pii/S0022201183710980?via%3Dihub,Comps & Cochennec 1993,A Herpes-like Virus from the European Oyster Ostrea edulis L.,NA,Ostrea edulis,Herpes-like virus
32,https://www.int-res.com/abstracts/dao/v63/n1/p33-41/,Friedman et al. 2005,"Herpes virus in juvenile Pacific oysters Crassostrea gigas from Tomales Bay, California, coincides with summer mortality episodes",2002,Magallana gigas,Herpesvirus
33,https://pubmed.ncbi.nlm.nih.gov/23872855/,Jenkins et al. 2013,Identification and characterisation of an ostreid herpesvirus-1 microvariant (OsHV-1 µ-var) in Crassostrea gigas (Pacific oysters) in Australia,2010,Saccostrea glomerata,OsHV-1 μVar
33,https://pubmed.ncbi.nlm.nih.gov/23872855/,Jenkins et al. 2013,Identification and characterisation of an ostreid herpesvirus-1 microvariant (OsHV-1 µ-var) in Crassostrea gigas (Pacific oysters) in Australia,2011,Saccostrea glomerata,OsHV-1 μVar
34,https://www.int-res.com/articles/dao/29/d029p189.pdf,Hine & Thorne 1997,Replication of herpes-like viruses in haemocytes of adult flat oysters Ostrea angasi: an ultrastructural study,1994,Ostrea angasi,Herpes-like virus
35,https://www.jstage.jst.go.jp/article/jsfp/47/4/47_129/_article,Shimahara et al. 2012,Surveillance of Type 1 Ostreid Herpesvirus (OsHV-1) Variants in Japan,2007,Crassostrea ariakensis,OsHV-1
35,https://www.jstage.jst.go.jp/article/jsfp/47/4/47_129/_article,Shimahara et al. 2012,Surveillance of Type 1 Ostreid Herpesvirus (OsHV-1) Variants in Japan,2007,Crassostrea sikamea,OsHV-1
35,https://www.jstage.jst.go.jp/article/jsfp/47/4/47_129/_article,Shimahara et al. 2012,Surveillance of Type 1 Ostreid Herpesvirus (OsHV-1) Variants in Japan,2007,Magallana gigas,OsHV-1
35,https://www.jstage.jst.go.jp/article/jsfp/47/4/47_129/_article,Shimahara et al. 2012,Surveillance of Type 1 Ostreid Herpesvirus (OsHV-1) Variants in Japan,2011,Magallana gigas,OsHV-1
36,https://www.ncbi.nlm.nih.gov/pmc/articles/PMC5099240/,Prado-Alvarez et al. 2015,Occurrence of OsHV-1 in Crassostrea gigas Cultured in Ireland during an Exceptionally Warm Summer. Selection of Less Susceptible Oysters,2012,Magallana gigas,OsHV-1 μVar
37,http://koreascience.or.kr/article/JAKO201319947249778.page,Jee et al. 2013,Detection of Ostreid Herpesvirus 1 from adult Pacific Oysters Crassostrea gigas Cultured in Korea,2012,Magallana gigas,OsHV-1 μVar
38,https://pubmed.ncbi.nlm.nih.gov/30259874/,Bookelaar et al. 2018,Role of the intertidal predatory shore crab Carcinus maenas in transmission dynamics of ostreid herpesvirus-1 microvariant,2015,Carcinus maenas,OsHV-1 μVar
39,https://www.cambridge.org/core/journals/parasitology/article/role-of-the-mussel-mytilus-spp-in-the-transmission-of-ostreid-herpesvirus1-microvar/5DBEC59DD1A86F8709E3433D0EF1CB68,O'Reilly et al. 2018,The role of the mussel Mytilus spp. in the transmission of ostreid herpesvirus-1 microVar,2013,Mytilus spp.,OsHV-1 μVar
39,https://www.cambridge.org/core/journals/parasitology/article/role-of-the-mussel-mytilus-spp-in-the-transmission-of-ostreid-herpesvirus1-microvar/5DBEC59DD1A86F8709E3433D0EF1CB68,O'Reilly et al. 2018,The role of the mussel Mytilus spp. in the transmission of ostreid herpesvirus-1 microVar,2014,Mytilus spp.,OsHV-1 μVar
39,https://www.cambridge.org/core/journals/parasitology/article/role-of-the-mussel-mytilus-spp-in-the-transmission-of-ostreid-herpesvirus1-microvar/5DBEC59DD1A86F8709E3433D0EF1CB68,O'Reilly et al. 2018,The role of the mussel Mytilus spp. in the transmission of ostreid herpesvirus-1 microVar,2015,Mytilus spp.,OsHV-1 μVar
40,https://parasitesandvectors.biomedcentral.com/articles/10.1186/s13071-018-2692-0,Garcia et al. 2018,"Descriptions of Mikrocytos veneroïdes n. sp. and Mikrocytos donaxi n. sp. (Ascetosporea: Mikrocytida: Mikrocytiidae), detected during important mortality events of the wedge clam Donax trunculus Linnaeus (Veneroida: Donacidae), in France between 2008 and 2011",2010,Donax trunculus,OsHV-1
40,https://parasitesandvectors.biomedcentral.com/articles/10.1186/s13071-018-2692-0,Garcia et al. 2018,"Descriptions of Mikrocytos veneroïdes n. sp. and Mikrocytos donaxi n. sp. (Ascetosporea: Mikrocytida: Mikrocytiidae), detected during important mortality events of the wedge clam Donax trunculus Linnaeus (Veneroida: Donacidae), in France between 2008 and 2011",2011,Donax trunculus,OsHV-1
41,https://www.int-res.com/abstracts/dao/v122/n3/p247-255/,Evans et al. 2017,"Detection of ostreid herpesvirus 1 microvariant DNA in aquatic invertebrate species, sediment and other samples collected from the Georges River estuary, New South Wales, Australia",2012,Saccostrea glomerata,OsHV-1 μVar
41,https://www.int-res.com/abstracts/dao/v122/n3/p247-255/,Evans et al. 2017,"Detection of ostreid herpesvirus 1 microvariant DNA in aquatic invertebrate species, sediment and other samples collected from the Georges River estuary, New South Wales, Australia",2012,Anadara trapezia,OsHV-1 μVar
41,https://www.int-res.com/abstracts/dao/v122/n3/p247-255/,Evans et al. 2017,"Detection of ostreid herpesvirus 1 microvariant DNA in aquatic invertebrate species, sediment and other samples collected from the Georges River estuary, New South Wales, Australia",2012,Magallana gigas,OsHV-1 μVar
41,https://www.int-res.com/abstracts/dao/v122/n3/p247-255/,Evans et al. 2017,"Detection of ostreid herpesvirus 1 microvariant DNA in aquatic invertebrate species, sediment and other samples collected from the Georges River estuary, New South Wales, Australia",2012,Mytilus spp.,OsHV-1 μVar
41,https://www.int-res.com/abstracts/dao/v122/n3/p247-255/,Evans et al. 2017,"Detection of ostreid herpesvirus 1 microvariant DNA in aquatic invertebrate species, sediment and other samples collected from the Georges River estuary, New South Wales, Australia",2012,Pyrazus ebeninus,OsHV-1 μVar
41,https://www.int-res.com/abstracts/dao/v122/n3/p247-255/,Evans et al. 2017,"Detection of ostreid herpesvirus 1 microvariant DNA in aquatic invertebrate species, sediment and other samples collected from the Georges River estuary, New South Wales, Australia",2012,Trichomya hirsuta,OsHV-1 μVar
41,https://www.int-res.com/abstracts/dao/v122/n3/p247-255/,Evans et al. 2017,"Detection of ostreid herpesvirus 1 microvariant DNA in aquatic invertebrate species, sediment and other samples collected from the Georges River estuary, New South Wales, Australia",2013,Magallana gigas,OsHV-1 μVar
41,https://www.int-res.com/abstracts/dao/v122/n3/p247-255/,Evans et al. 2017,"Detection of ostreid herpesvirus 1 microvariant DNA in aquatic invertebrate species, sediment and other samples collected from the Georges River estuary, New South Wales, Australia",2013,Saccostrea glomerata,OsHV-1 μVar
42,https://www.sciencedirect.com/science/article/pii/S0022201115300252,Martenot et al. 2015,"Detection of undescribed ostreid herpesvirus 1 (OsHV-1) specimens from Pacific oyster, Crassostrea gigas",2009,Magallana gigas,OsHV-1 μVar
42,https://www.sciencedirect.com/science/article/pii/S0022201115300252,Martenot et al. 2015,"Detection of undescribed ostreid herpesvirus 1 (OsHV-1) specimens from Pacific oyster, Crassostrea gigas",2010,Magallana gigas,OsHV-1 μVar
42,https://www.sciencedirect.com/science/article/pii/S0022201115300252,Martenot et al. 2015,"Detection of undescribed ostreid herpesvirus 1 (OsHV-1) specimens from Pacific oyster, Crassostrea gigas",2012,Magallana gigas,OsHV-1 μVar
43,https://onlinelibrary.wiley.com/doi/10.1111/jfd.12755,Mello et al. 2018,First evidence of viral and bacterial oyster pathogens in the Brazilian coast,2013,Magallana gigas,OsHV-1
43,https://onlinelibrary.wiley.com/doi/10.1111/jfd.12755,Mello et al. 2018,First evidence of viral and bacterial oyster pathogens in the Brazilian coast,2013,Crassostrea brasiliana,OsHV-1
43,https://onlinelibrary.wiley.com/doi/10.1111/jfd.12755,Mello et al. 2018,First evidence of viral and bacterial oyster pathogens in the Brazilian coast,2014,Crassostrea brasiliana,OsHV-1
43,https://onlinelibrary.wiley.com/doi/10.1111/jfd.12755,Mello et al. 2018,First evidence of viral and bacterial oyster pathogens in the Brazilian coast,2014,Magallana gigas,OsHV-1
44,https://www.sciencedirect.com/science/article/pii/S0044848614004657?via%3Dihub,Batista et al. 2015,Sequence variation in ostreid herpesvirus 1 microvar isolates detected in dying and asymptomatic Crassostrea angulata adults in the Iberian Peninsula: Insights into viral origin and spread,2011,Magallana gigas,OsHV-1 μVar
44,https://www.sciencedirect.com/science/article/pii/S0044848614004657?via%3Dihub,Batista et al. 2015,Sequence variation in ostreid herpesvirus 1 microvar isolates detected in dying and asymptomatic Crassostrea angulata adults in the Iberian Peninsula: Insights into viral origin and spread,2013,Magallana gigas,OsHV-1 μVar
45,https://europepmc.org/article/MED/23957681,Hwang et al. 2013,Ostreid herpesvirus 1 infection in farmed Pacific oyster larvae Crassostrea gigas (Thunberg) in Korea,2011,Magallana gigas,OsHV-1 μVar
46,https://www.sciencedirect.com/science/article/pii/S0166093417307577?casa_token=6sAbE2BQTr8AAAAA:IJEZyboQVPTKy6Ql4HtvBepn9L8VMWhOBvkw4t35Xrb_xclCDSDM8_0iqNrSq4g9fT5ZPIYtW90,Gao et al. 2018,Real-time quantitative isothermal detection of Ostreid herpesvirus-1 DNA in Scapharca subcrenata using recombinase polymerase amplification,2017,Scapharca subcrenata,OsHV-1
47,https://parasitesandvectors.biomedcentral.com/articles/10.1186/s13071-020-04373-y,Bookelaar et al. 2020,Host plasticity supports spread of an aquaculture introduced virus to an ecosystem engineer,2015,Cerastoderma edule,OsHV-1 μVar
48,https://www.int-res.com/abstracts/dao/v94/n2/p107-116/,Burge et al. 2011,"Detection of the oyster herpesvirus in commercial bivalve in northern California, USA: conventional and quantitative PCR",2003,Crassostrea sikamea,OsHV
48,https://www.int-res.com/abstracts/dao/v94/n2/p107-116/,Burge et al. 2011,"Detection of the oyster herpesvirus in commercial bivalve in northern California, USA: conventional and quantitative PCR",2003,Crassostrea virginica,OsHV
48,https://www.int-res.com/abstracts/dao/v94/n2/p107-116/,Burge et al. 2011,"Detection of the oyster herpesvirus in commercial bivalve in northern California, USA: conventional and quantitative PCR",2003,Mytilus galloprovincialis,OsHV
48,https://www.int-res.com/abstracts/dao/v94/n2/p107-116/,Burge et al. 2011,"Detection of the oyster herpesvirus in commercial bivalve in northern California, USA: conventional and quantitative PCR",2003,Ostrea edulis,OsHV
48,https://www.int-res.com/abstracts/dao/v94/n2/p107-116/,Burge et al. 2011,"Detection of the oyster herpesvirus in commercial bivalve in northern California, USA: conventional and quantitative PCR",2003,Ruditapes phillipinarum,OsHV
48,https://www.int-res.com/abstracts/dao/v94/n2/p107-116/,Burge et al. 2011,"Detection of the oyster herpesvirus in commercial bivalve in northern California, USA: conventional and quantitative PCR",2003,Magallana gigas,OsHV
49,https://veterinaryresearch.biomedcentral.com/articles/10.1186/1297-9716-42-73,Garcia et al. 2011,Ostreid herpesvirus 1 detection and relationship with Crassostrea gigas spat mortality in France between 1998 and 2006,1998,Magallana gigas,OsHV-1 μVar
49,https://veterinaryresearch.biomedcentral.com/articles/10.1186/1297-9716-42-73,Garcia et al. 2011,Ostreid herpesvirus 1 detection and relationship with Crassostrea gigas spat mortality in France between 1998 and 2006,1999,Magallana gigas,OsHV-1 μVar
49,https://veterinaryresearch.biomedcentral.com/articles/10.1186/1297-9716-42-73,Garcia et al. 2011,Ostreid herpesvirus 1 detection and relationship with Crassostrea gigas spat mortality in France between 1998 and 2006,2000,Magallana gigas,OsHV-1 μVar
49,https://veterinaryresearch.biomedcentral.com/articles/10.1186/1297-9716-42-73,Garcia et al. 2011,Ostreid herpesvirus 1 detection and relationship with Crassostrea gigas spat mortality in France between 1998 and 2006,2001,Magallana gigas,OsHV-1 μVar
49,https://veterinaryresearch.biomedcentral.com/articles/10.1186/1297-9716-42-73,Garcia et al. 2011,Ostreid herpesvirus 1 detection and relationship with Crassostrea gigas spat mortality in France between 1998 and 2006,2002,Magallana gigas,OsHV-1 μVar
49,https://veterinaryresearch.biomedcentral.com/articles/10.1186/1297-9716-42-73,Garcia et al. 2011,Ostreid herpesvirus 1 detection and relationship with Crassostrea gigas spat mortality in France between 1998 and 2006,2003,Magallana gigas,OsHV-1 μVar
49,https://veterinaryresearch.biomedcentral.com/articles/10.1186/1297-9716-42-73,Garcia et al. 2011,Ostreid herpesvirus 1 detection and relationship with Crassostrea gigas spat mortality in France between 1998 and 2006,2004,Magallana gigas,OsHV-1 μVar
49,https://veterinaryresearch.biomedcentral.com/articles/10.1186/1297-9716-42-73,Garcia et al. 2011,Ostreid herpesvirus 1 detection and relationship with Crassostrea gigas spat mortality in France between 1998 and 2006,2005,Magallana gigas,OsHV-1 μVar
49,https://veterinaryresearch.biomedcentral.com/articles/10.1186/1297-9716-42-73,Garcia et al. 2011,Ostreid herpesvirus 1 detection and relationship with Crassostrea gigas spat mortality in France between 1998 and 2006,2006,Magallana gigas,OsHV-1 μVar
50,https://www.sciencedirect.com/science/article/pii/S0044848616307256,de Kantzow et al. 2017,"Risk factors for mortality during the first occurrence of Pacific Oyster Mortality Syndrome due to Ostreid herpesvirus – 1 in Tasmania, 2016",2016,Magallana gigas,OsHV-1 μVar
51,https://link.springer.com/article/10.1007/s10499-014-9781-7,Degremont & Benabdelmouna 2014,Mortality associated with OsHV-1 in spat Crassostrea gigas: role of wild-caught spat in the horizontal transmission of the disease,2010,Magallana gigas,OsHV-1 μVar
52,https://www.sciencedirect.com/science/article/pii/S1050464813000910?via%3Dihub,Chen et al. 2013,A preliminary study of differentially expressed genes of the scallop Chlamys farreri against acute viral necrobiotic virus (AVNV),NA,Chlamys farreri,AVNV
53,https://www.sciencedirect.com/science/article/pii/S0145305X11000942?via%3Dihub,Chen et al. 2011,Haemocyte protein expression profiling of scallop Chlamys farreri response to acute viral necrosis virus (AVNV) infection,NA,Chlamys farreri,AVNV
54,https://virologyj.biomedcentral.com/articles/10.1186/1743-422X-10-110,Ren et al. 2013,"Complete genome sequence of acute viral necrosis virus associated with massive mortality outbreaks in the Chinese scallop, Chlamys farreri",2007,Chlamys farreri,AVNV
55,https://www.mdpi.com/2073-4409/11/6/982,Huang et al. 2022,"Iron Regulatory Protein 1 Inhibits Ferritin Translation Responding to OsHV-1 Infection in Ark Clams, Scapharca Broughtonii",NA,Scapharca broughtonii,OsHV-1
56,https://www.mdpi.com/2076-0817/9/5/395,Battistini et al. 2020,"Microbiological and Histological Analysis for the Evaluation of Farmed Mussels (Mytilus galloprovincialis) Health Status, in Coastal Areas of Italy",2016,Mytilus galloprovincialis,OsHV-1
56,https://www.mdpi.com/2076-0817/9/5/395,Battistini et al. 2020,"Microbiological and Histological Analysis for the Evaluation of Farmed Mussels (Mytilus galloprovincialis) Health Status, in Coastal Areas of Italy",2017,Mytilus galloprovincialis,OsHV-1
57,https://www.int-res.com/abstracts/dao/v72/n1/p31-43/,Burge et al. 2006,"Mortality and herpesvirus infections of the Pacific oyster Crassostrea gigas in Tomales Bay, California, USA",2003,Magallana gigas,OsHV-1 μVar
58,https://www.sciencedirect.com/science/article/pii/S105046481830144X?via%3Dihub,de Lorgeril et al. 2018,Inefficient immune response is associated with microbial permissiveness in juvenile oysters affected by mass mortalities on field,2010,Magallana gigas,OsHV-1 μVar
59,https://www.frontiersin.org/articles/10.3389/fphys.2017.00125/full,Carrasco et al. 2017,"A Production Calendar Based on Water Temperature, Spat Size, and Husbandry Practices Reduce OsHV-1 μVar Impact on Cultured Pacific Oyster Crassostrea gigas in the Ebro Delta (Catalonia), Mediterranean Coast of Spain",2011,Magallana gigas,OsHV-1 μVar
59,https://www.frontiersin.org/articles/10.3389/fphys.2017.00125/full,Carrasco et al. 2017,"A Production Calendar Based on Water Temperature, Spat Size, and Husbandry Practices Reduce OsHV-1 μVar Impact on Cultured Pacific Oyster Crassostrea gigas in the Ebro Delta (Catalonia), Mediterranean Coast of Spain",2012,Magallana gigas,OsHV-1 μVar
60,https://www.sciencedirect.com/science/article/pii/S0141113622001544?via%3Dihub,Corporeau et al. 2022,Harsh intertidal environment enhances metabolism and immunity in oyster (Crassostrea gigas) spat,2018,Magallana gigas,OsHV-1 μVar
61,https://onlinelibrary.wiley.com/doi/10.1111/are.12613,Batista et al. 2014,"Insights on the association between somatic aneuploidy and ostreid herpesvirus 1 detection in the oysters Crassostrea gigas, C. angulata and their F1 hybrids",2004,Crassostrea angulata,OsHV-1
61,https://onlinelibrary.wiley.com/doi/10.1111/are.12613,Batista et al. 2014,"Insights on the association between somatic aneuploidy and ostreid herpesvirus 1 detection in the oysters Crassostrea gigas, C. angulata and their F1 hybrids",2004,Crassostrea hybrid,OsHV-1
61,https://onlinelibrary.wiley.com/doi/10.1111/are.12613,Batista et al. 2014,"Insights on the association between somatic aneuploidy and ostreid herpesvirus 1 detection in the oysters Crassostrea gigas, C. angulata and their F1 hybrids",2004,Magallana gigas,OsHV-1
62,https://www.sciencedirect.com/science/article/pii/S0022201118303707?via%3Dihub,Xin et al. 2020,"Influence of temperature on the pathogenicity of Ostreid herpesvirus-1 in ark clam, Scapharca broughtonii",NA,Scapharca broughtonii,OsHV-1
63,https://archimer.ifremer.fr/doc/00033/14423/11719.pdf,Cochennec-Laureau et al. 2011,"Les surmortalités des naissains d’huîtres creuses, Crassostrea gigas : acquis des recherches en 2010",2010,Donax trunculus,OsHV-1 μVar
63,https://archimer.ifremer.fr/doc/00033/14423/11719.pdf,Cochennec-Laureau et al. 2011,"Les surmortalités des naissains d’huîtres creuses, Crassostrea gigas : acquis des recherches en 2010",2010,Mytilus edulis,OsHV-1 μVar
63,https://archimer.ifremer.fr/doc/00033/14423/11719.pdf,Cochennec-Laureau et al. 2011,"Les surmortalités des naissains d’huîtres creuses, Crassostrea gigas : acquis des recherches en 2010",2010,Mytilus galloprovincialis,OsHV-1 μVar
64,https://www.nature.com/articles/s41598-020-64086-1,Fleury et al. 2020,"Latitudinal drivers of oyster mortality: deciphering host, pathogen and environmental risk factors",2013,Magallana gigas,OsHV-1 μVar
65,https://www.jstor.org/stable/26920859,Gangnery et al. 2019,Connectivities with shellfish farms and channel rivers are associated with mortality risk in oysters,2013,Magallana gigas,OsHV-1 μVar
66,https://eafp.org/download/2017-volume37/issue_2/37-2-050-morrissey.pdf,Morrissey et al. 2017,Mortality in Crassostrea gigas oysters in Ireland during 2012,2012,Magallana gigas,OsHV-1 μVar
67,https://onlinelibrary.wiley.com/doi/full/10.1111/are.15139,Mosca et al. 2021,Crassostrea gigas (Thunberg 1793) cultivation in southern Adriatic Sea (Italy): A one-year monitoring study of the oyster health,2018,Magallana gigas,OsHV-1 μVar
68,https://www.cambridge.org/core/journals/parasitology/article/previously-undescribed-ostreid-herpes-virus-1-oshv1-genotype-detected-in-the-pacific-oyster-crassostrea-gigas-in-ireland/88D6EB5FCB13279A3F0070F1B71BACCE,Lynch et al. 2012,"A previously undescribed ostreid herpes virus 1 (OsHV-1) genotype detected in the pacific oyster, Crassostrea gigas, in Ireland",2003,Magallana gigas,OsHV-1 μVar
68,https://www.cambridge.org/core/journals/parasitology/article/previously-undescribed-ostreid-herpes-virus-1-oshv1-genotype-detected-in-the-pacific-oyster-crassostrea-gigas-in-ireland/88D6EB5FCB13279A3F0070F1B71BACCE,Lynch et al. 2012,"A previously undescribed ostreid herpes virus 1 (OsHV-1) genotype detected in the pacific oyster, Crassostrea gigas, in Ireland",2004,Magallana gigas,OsHV-1 μVar
69,https://www.int-res.com/articles/feature/q002p215.pdf,Pernet et al. 2012,"Mass mortalities of Pacific oysters Crassostrea gigas reflect infectious diseases and vary with farming practices in the Mediterranean Thau lagoon, France",2009,Magallana gigas,OsHV-1 μVar
69,https://www.int-res.com/articles/feature/q002p215.pdf,Pernet et al. 2012,"Mass mortalities of Pacific oysters Crassostrea gigas reflect infectious diseases and vary with farming practices in the Mediterranean Thau lagoon, France",2010,Magallana gigas,OsHV-1 μVar
70,https://www.nature.com/articles/s41598-018-29238-4,Pernet et al. 2018,Determination of risk factors for herpesvirus outbreak in oysters using a broad-scale spatial epidemiology framework,2013,Magallana gigas,OsHV-1 μVar
71,https://www.int-res.com/articles/aei2014/6/q006p205.pdf,Petton et al. 2015,Factors influencing disease-induced mortality of Pacific oysters Crassostrea gigas,2010,Magallana gigas,OsHV-1 μVar
71,https://www.int-res.com/articles/aei2014/6/q006p205.pdf,Petton et al. 2015,Factors influencing disease-induced mortality of Pacific oysters Crassostrea gigas,2011,Magallana gigas,OsHV-1 μVar
72,https://www.ncbi.nlm.nih.gov/pmc/articles/PMC4136091/,Renault et al. 2014,Ostreid Herpesvirus 1 Infection among Pacific Oyster (Crassostrea gigas) Spat: Relevance of Water Temperature to Virus Replication and Circulation Prior to the Onset of Mortality,2010,Magallana gigas,OsHV-1 μVar
73,https://www.sciencedirect.com/science/article/pii/S0044848614006632,Whittington et al. 2015,"Further observations on the influence of husbandry practices on OsHV-1 μVar mortality in Pacific oysters Crassostrea gigas: Age, cultivation structures and growing height",2012,Magallana gigas,OsHV-1 μVar
73,https://www.sciencedirect.com/science/article/pii/S0044848614006632,Whittington et al. 2015,"Further observations on the influence of husbandry practices on OsHV-1 μVar mortality in Pacific oysters Crassostrea gigas: Age, cultivation structures and growing height",2013,Magallana gigas,OsHV-1 μVar
74,https://www.sciencedirect.com/science/article/pii/S0044848619307513,Whittington et al. 2019,Long-term temporal and spatial patterns of Ostreid herpesvirus 1 (OsHV-1) infection and mortality in sentinel Pacific oyster spat (Crassostrea gigas) inform farm management,2012,Magallana gigas,OsHV-1 μVar
74,https://www.sciencedirect.com/science/article/pii/S0044848619307513,Whittington et al. 2019,Long-term temporal and spatial patterns of Ostreid herpesvirus 1 (OsHV-1) infection and mortality in sentinel Pacific oyster spat (Crassostrea gigas) inform farm management,2013,Magallana gigas,OsHV-1 μVar
74,https://www.sciencedirect.com/science/article/pii/S0044848619307513,Whittington et al. 2019,Long-term temporal and spatial patterns of Ostreid herpesvirus 1 (OsHV-1) infection and mortality in sentinel Pacific oyster spat (Crassostrea gigas) inform farm management,2014,Magallana gigas,OsHV-1 μVar
74,https://www.sciencedirect.com/science/article/pii/S0044848619307513,Whittington et al. 2019,Long-term temporal and spatial patterns of Ostreid herpesvirus 1 (OsHV-1) infection and mortality in sentinel Pacific oyster spat (Crassostrea gigas) inform farm management,2015,Magallana gigas,OsHV-1 μVar
74,https://www.sciencedirect.com/science/article/pii/S0044848619307513,Whittington et al. 2019,Long-term temporal and spatial patterns of Ostreid herpesvirus 1 (OsHV-1) infection and mortality in sentinel Pacific oyster spat (Crassostrea gigas) inform farm management,2016,Magallana gigas,OsHV-1 μVar
74,https://www.sciencedirect.com/science/article/pii/S0044848619307513,Whittington et al. 2019,Long-term temporal and spatial patterns of Ostreid herpesvirus 1 (OsHV-1) infection and mortality in sentinel Pacific oyster spat (Crassostrea gigas) inform farm management,2017,Magallana gigas,OsHV-1 μVar
75,https://pubmed.ncbi.nlm.nih.gov/24033643/,Grijalva-Chon et al. 2013,"Detection of a new OsHV-1 DNA strain in the healthyPacific oyster,Crassostrea gigasThunberg, from the Gulfof California",2011,Magallana gigas,OsHV-1 μVar
76,https://onlinelibrary.wiley.com/doi/10.1111/jfd.12698,Burioli et al. 2017,First description of a mortality event in adult Pacific oysters in Italy associated with infection by a Tenacibaculum soleae strain,2014,Magallana gigas,OsHV-1
77,https://onlinelibrary.wiley.com/doi/10.1111/jfd.12883,Burioli et al. 2018,A novel divergent group of Ostreid herpesvirus 1 μVar variants associated with a mortality event in Pacific oyster spat in Normandy (France) in 2016,2016,Magallana gigas,OsHV-1 μVar
78,https://www.mdpi.com/2079-7737/12/6/759,Zhang et al. 2023,Identification and Characterization of Infectious Pathogens Associated with Mass Mortalities of Pacific Oyster (Crassostrea gigas) Cultured in Northern China,2020,Magallana gigas,OsHV-1
79,https://www.sciencedirect.com/science/article/pii/S1050464814000035?via%3Dihub,Chen et al. 2014,Bioinformatics analysis of hemocyte miRNAs of scallop Chlamys farreri against acute viral necrobiotic virus (AVNV),NA,Chlamys farreri,AVNV
80,https://www.sciencedirect.com/science/article/pii/S0168170202000072?via%3Dihub,Arzul et al. 2002,Detection of oyster herpesvirus DNA and proteins in asymptomatic Crassostrea gigas adults,2000,Magallana gigas,OsHV-1
81,https://www.sciencedirect.com/science/article/pii/S016758771200061X,Peeler et al. 2012,Investigation of mortality in Pacific oysters associated with Ostreid herpesvirus-1 μVar in the Republic of Ireland in 2009,2009,Magallana gigas,OsHV-1 μVar
82,https://www.sciencedirect.com/science/article/pii/S0168170211001481?via%3Dihub,Martenot et al. 2011,"Detection of different variants of Ostreid Herpesvirus 1 in the Pacific oyster, Crassostrea gigas between 2008 and 2010",2008,Magallana gigas,OsHV-1 μVar
82,https://www.sciencedirect.com/science/article/pii/S0168170211001481?via%3Dihub,Martenot et al. 2011,"Detection of different variants of Ostreid Herpesvirus 1 in the Pacific oyster, Crassostrea gigas between 2008 and 2010",2009,Magallana gigas,OsHV-1 μVar
82,https://www.sciencedirect.com/science/article/pii/S0168170211001481?via%3Dihub,Martenot et al. 2011,"Detection of different variants of Ostreid Herpesvirus 1 in the Pacific oyster, Crassostrea gigas between 2008 and 2010",2010,Magallana gigas,OsHV-1 μVar
83,https://www.sciencedirect.com/science/article/pii/S0044848611003565?via%3Dihub,Degremont 2011,Evidence of herpesvirus (OsHV-1) resistance in juvenile Crassostrea gigas selected for high resistance to the summer mortality phenomenon,2009,Magallana gigas,OsHV-1
84,https://www.int-res.com/abstracts/dao/v138/p185-194/,Martínez-García et al. 2020,"Prevalence and genotypic diversity of ostreid herpesvirus type 1 in Crassostrea gigas cultured in the Gulf of California, Mexico",2017,Magallana gigas,OsHV-1
84,https://www.int-res.com/abstracts/dao/v138/p185-194/,Martínez-García et al. 2020,"Prevalence and genotypic diversity of ostreid herpesvirus type 1 in Crassostrea gigas cultured in the Gulf of California, Mexico",2017,Magallana gigas,OsHV-1 μVar
84,https://www.int-res.com/abstracts/dao/v138/p185-194/,Martínez-García et al. 2020,"Prevalence and genotypic diversity of ostreid herpesvirus type 1 in Crassostrea gigas cultured in the Gulf of California, Mexico",2017,Magallana gigas,AVNV
84,https://www.int-res.com/abstracts/dao/v138/p185-194/,Martínez-García et al. 2020,"Prevalence and genotypic diversity of ostreid herpesvirus type 1 in Crassostrea gigas cultured in the Gulf of California, Mexico",2018,Magallana gigas,OsHV-1
84,https://www.int-res.com/abstracts/dao/v138/p185-194/,Martínez-García et al. 2020,"Prevalence and genotypic diversity of ostreid herpesvirus type 1 in Crassostrea gigas cultured in the Gulf of California, Mexico",2018,Magallana gigas,OsHV-1 μVar
84,https://www.int-res.com/abstracts/dao/v138/p185-194/,Martínez-García et al. 2020,"Prevalence and genotypic diversity of ostreid herpesvirus type 1 in Crassostrea gigas cultured in the Gulf of California, Mexico",2018,Magallana gigas,AVNV
85,https://www.sciencedirect.com/science/article/pii/S004484861101012X?via%3Dihub,Martenot et al. 2012,Detection of the OsHV-1 μVar in the Pacific oyster Crassostrea gigas before 2008 in France and description of two new microvariants of the Ostreid Herpesvirus 1 (OsHV-1),2004,Magallana gigas,OsHV-1 μVar
85,https://www.sciencedirect.com/science/article/pii/S004484861101012X?via%3Dihub,Martenot et al. 2012,Detection of the OsHV-1 μVar in the Pacific oyster Crassostrea gigas before 2008 in France and description of two new microvariants of the Ostreid Herpesvirus 1 (OsHV-1),2005,Magallana gigas,OsHV-1 μVar
85,https://www.sciencedirect.com/science/article/pii/S004484861101012X?via%3Dihub,Martenot et al. 2012,Detection of the OsHV-1 μVar in the Pacific oyster Crassostrea gigas before 2008 in France and description of two new microvariants of the Ostreid Herpesvirus 1 (OsHV-1),2010,Magallana gigas,OsHV-1 μVar
85,https://www.sciencedirect.com/science/article/pii/S004484861101012X?via%3Dihub,Martenot et al. 2012,Detection of the OsHV-1 μVar in the Pacific oyster Crassostrea gigas before 2008 in France and description of two new microvariants of the Ostreid Herpesvirus 1 (OsHV-1),2011,Magallana gigas,OsHV-1 μVar
86,https://www.frontiersin.org/articles/10.3389/fmicb.2021.711377/full,Morga et al. 2021,Genomic Diversity of the Ostreid Herpesvirus Type 1 Across Time and Location and Among Host Species,2008,Magallana gigas,OsHV-1
86,https://www.frontiersin.org/articles/10.3389/fmicb.2021.711377/full,Morga et al. 2021,Genomic Diversity of the Ostreid Herpesvirus Type 1 Across Time and Location and Among Host Species,2010,Magallana gigas,OsHV-1
86,https://www.frontiersin.org/articles/10.3389/fmicb.2021.711377/full,Morga et al. 2021,Genomic Diversity of the Ostreid Herpesvirus Type 1 Across Time and Location and Among Host Species,2011,Magallana gigas,OsHV-1
86,https://www.frontiersin.org/articles/10.3389/fmicb.2021.711377/full,Morga et al. 2021,Genomic Diversity of the Ostreid Herpesvirus Type 1 Across Time and Location and Among Host Species,2012,Ostrea edulis,OsHV-1
86,https://www.frontiersin.org/articles/10.3389/fmicb.2021.711377/full,Morga et al. 2021,Genomic Diversity of the Ostreid Herpesvirus Type 1 Across Time and Location and Among Host Species,2015,Magallana gigas,OsHV-1
86,https://www.frontiersin.org/articles/10.3389/fmicb.2021.711377/full,Morga et al. 2021,Genomic Diversity of the Ostreid Herpesvirus Type 1 Across Time and Location and Among Host Species,2017,Magallana gigas,OsHV-1
86,https://www.frontiersin.org/articles/10.3389/fmicb.2021.711377/full,Morga et al. 2021,Genomic Diversity of the Ostreid Herpesvirus Type 1 Across Time and Location and Among Host Species,NA,Magallana gigas,OsHV-1
87,https://onlinelibrary.wiley.com/doi/epdf/10.1111/are.13832,Arzeta-Pino et al. 2018,Herpes virus OsHV‐1 and the protistPerkinsus marinusmodifythe expression of the Down syndrome cell adhesion moleculegene in gill and mantle ofCrassostreaspp.,NA,Magallana gigas,OsHV-1
88,https://www.sciencedirect.com/science/article/pii/S0168170222003239,Trancart et al. 2023,Diversity and molecular epidemiology of Ostreid herpesvirus 1 in farmed Crassostrea gigas in Australia: Geographic clusters and implications for “microvariants” in global mortality events,2011,Magallana gigas,OsHV-1 non-μvar variant
88,https://www.sciencedirect.com/science/article/pii/S0168170222003239,Trancart et al. 2023,Diversity and molecular epidemiology of Ostreid herpesvirus 1 in farmed Crassostrea gigas in Australia: Geographic clusters and implications for “microvariants” in global mortality events,2012,Magallana gigas,OsHV-1 non-μvar variant
88,https://www.sciencedirect.com/science/article/pii/S0168170222003239,Trancart et al. 2023,Diversity and molecular epidemiology of Ostreid herpesvirus 1 in farmed Crassostrea gigas in Australia: Geographic clusters and implications for “microvariants” in global mortality events,2013,Magallana gigas,OsHV-1 non-μvar variant
88,https://www.sciencedirect.com/science/article/pii/S0168170222003239,Trancart et al. 2023,Diversity and molecular epidemiology of Ostreid herpesvirus 1 in farmed Crassostrea gigas in Australia: Geographic clusters and implications for “microvariants” in global mortality events,2014,Magallana gigas,OsHV-1 non-μvar variant
88,https://www.sciencedirect.com/science/article/pii/S0168170222003239,Trancart et al. 2023,Diversity and molecular epidemiology of Ostreid herpesvirus 1 in farmed Crassostrea gigas in Australia: Geographic clusters and implications for “microvariants” in global mortality events,2015,Magallana gigas,OsHV-1 non-μvar variant
89,https://www.sciencedirect.com/science/article/pii/S0044848613003761?via%3Dihub,Paul-Pont et al. 2013,Influence of husbandry practices on OsHV-1 associated mortality of Pacific oysters Crassostrea gigas,2011,Magallana gigas,OsHV-1 μVar
89,https://www.sciencedirect.com/science/article/pii/S0044848613003761?via%3Dihub,Paul-Pont et al. 2013,Influence of husbandry practices on OsHV-1 associated mortality of Pacific oysters Crassostrea gigas,2012,Magallana gigas,OsHV-1 μVar
90,https://www.sciencedirect.com/science/article/pii/S0044848613006480,Paul-Pont et al. 2014,"Descriptive epidemiology of mass mortality due to Ostreid herpesvirus-1 (OsHV-1) in commercially farmed Pacific oysters (Crassostrea gigas) in the Hawkesbury River estuary, Australia",2013,Magallana gigas,OsHV-1 μVar
91,https://www.mpi.govt.nz/dmsdocument/33337-ostreid-herpesvirus-and-vibrio-species-pilot-surveillance-study-farmed-pacific-oysters-magallana-gigas-in-croisilles-harbour-marlborough-sounds-new-zealand,Pande & Andel 2018,"Ostreid herpesvirus and Vibrio species pilot surveillance study farmed Pacific Oysters (Magallana gigas) in Croisilles Harbour, Marlborough Sounds, New Zealand.",2016,Magallana gigas,OsHV-1 μVar
91,https://www.mpi.govt.nz/dmsdocument/33337-ostreid-herpesvirus-and-vibrio-species-pilot-surveillance-study-farmed-pacific-oysters-magallana-gigas-in-croisilles-harbour-marlborough-sounds-new-zealand,Pande & Andel 2018,"Ostreid herpesvirus and Vibrio species pilot surveillance study farmed Pacific Oysters (Magallana gigas) in Croisilles Harbour, Marlborough Sounds, New Zealand.",2017,Magallana gigas,OsHV-1 μVar
91,https://www.mpi.govt.nz/dmsdocument/33337-ostreid-herpesvirus-and-vibrio-species-pilot-surveillance-study-farmed-pacific-oysters-magallana-gigas-in-croisilles-harbour-marlborough-sounds-new-zealand,Pande & Andel 2018,"Ostreid herpesvirus and Vibrio species pilot surveillance study farmed Pacific Oysters (Magallana gigas) in Croisilles Harbour, Marlborough Sounds, New Zealand.",2018,Magallana gigas,OsHV-1 μVar
92,https://www.int-res.com/abstracts/dao/v109/n3/p231-239/,Keeling et al. 2014,New Zealand juvenile oyster mortality associated with ostreid herpesvirus 1—an opportunistic longitudinal study,1999,Magallana gigas,OsHV-1 μVar
92,https://www.int-res.com/abstracts/dao/v109/n3/p231-239/,Keeling et al. 2014,New Zealand juvenile oyster mortality associated with ostreid herpesvirus 1—an opportunistic longitudinal study,2010,Magallana gigas,OsHV-1 μVar
92,https://www.int-res.com/abstracts/dao/v109/n3/p231-239/,Keeling et al. 2014,New Zealand juvenile oyster mortality associated with ostreid herpesvirus 1—an opportunistic longitudinal study,2011,Magallana gigas,OsHV-1 μVar
92,https://www.int-res.com/abstracts/dao/v109/n3/p231-239/,Keeling et al. 2014,New Zealand juvenile oyster mortality associated with ostreid herpesvirus 1—an opportunistic longitudinal study,2012,Magallana gigas,OsHV-1 μVar
93,https://pubmed.ncbi.nlm.nih.gov/31356818/,Barbieri et al. 2019,First detection of Ostreid herpesvirus 1 in wild Crassostrea gigas in Argentina,2017,Magallana gigas,OsHV-1 μVar
94,https://archimer.ifremer.fr/doc/00000/2898/,Renault et al. 2000,"Herpesviruses associated with mortalities among Pacific oyster, Crassostrea gigas, in France-Comparative study",1992,Magallana gigas,Herpesvirus
94,https://archimer.ifremer.fr/doc/00000/2898/,Renault et al. 2000,"Herpesviruses associated with mortalities among Pacific oyster, Crassostrea gigas, in France-Comparative study",1993,Magallana gigas,Herpesvirus
95,https://archimer.ifremer.fr/doc/1994/publication-2888.pdf,Renault et al. 2000,Herpes-like virus infecting Japanese oyster (Crassostrea gigas) spat,1993,Magallana gigas,Herpes-like virus
96,https://archimer.ifremer.fr/doc/1994/publication-2887.pdf,Le Deuff et al. 1994,"Experimental transmission of a Herpes-like virus to axenic larvae of Pacific oyster, Crassostrea gigas",NA,Magallana gigas,Herpes-like virus
97,https://www.int-res.com/articles/dao/24/d024p149.pdf,Le Deuff et al. 1996,Effects of temperature on herpes-like virus detection among hatchery-reared larval Pacific oyster Crassostrea gigas,NA,Magallana gigas,Herpes-like virus
98,https://www.sciencedirect.com/science/article/pii/S0048969720332721?via%3Dihub,Friedman et al. 2020,Unraveling concordant and varying responses of oyster species to Ostreid Herpesvirus 1 variants,2017,Magallana gigas,OsHV-1
98,https://www.sciencedirect.com/science/article/pii/S0048969720332721?via%3Dihub,Friedman et al. 2020,Unraveling concordant and varying responses of oyster species to Ostreid Herpesvirus 1 variants,2017,Crassoastrea virginica,OsHV-1 μVar
98,https://www.sciencedirect.com/science/article/pii/S0048969720332721?via%3Dihub,Friedman et al. 2020,Unraveling concordant and varying responses of oyster species to Ostreid Herpesvirus 1 variants,2017,Crassostrea sikamea,OsHV-1 μVar
99,https://bmcgenomdata.biomedcentral.com/articles/10.1186/s12863-019-0791-3#Abs1,Divilov et al. 2019,First evaluation of resistance to both a California OsHV-1 variant and a French OsHV-1 microvariant in Pacific oysters,2018,Magallana gigas,OsHV-1 μVar
100,https://www.int-res.com/articles/dao2010/89/d089p137.pdf,Vásquez-Yeomans et al. 2010,"Gill erosion and herpesvirus in Crassostrea gigas cultured in Baja California, Mexico
",2000,Magallana gigas,OsHV-1 μVar
101,https://pubmed.ncbi.nlm.nih.gov/30972971/,Kim et al. 2019,Mass mortality in Korean bay scallop (Argopecten irradians) associated with Ostreid Herpesvirus-1 μVar,2017,Magallana gigas,OsHV-1 μVar
101,https://pubmed.ncbi.nlm.nih.gov/30972971/,Kim et al. 2019,Mass mortality in Korean bay scallop (Argopecten irradians) associated with Ostreid Herpesvirus-1 μVar,2018,Magallana gigas,OsHV-1 μVar
102,https://www.sciencedirect.com/science/article/pii/S1050464810000690?via%3Dihub,Tang et al. 2010,Physiological and immune responses of zhikong scallop Chlamys farreri to the acute viral necrobiotic virus infection,2007,Chlamys farreri,AVNV
103,https://www.frdc.com.au/sites/default/files/products/2011-053-DLD.pdf,Whittington et al. 2013,"Final Report: 2011/053 Aquatic Animal Health Subprogram: Pacific oyster mortality syndrome (POMS) – understanding biotic and abiotic environmental and husbandry effects to reduce economic losses
",2011,Magallana gigas,OsHV-1
103,https://www.frdc.com.au/sites/default/files/products/2011-053-DLD.pdf,Whittington et al. 2013,"Final Report: 2011/053 Aquatic Animal Health Subprogram: Pacific oyster mortality syndrome (POMS) – understanding biotic and abiotic environmental and husbandry effects to reduce economic losses
",2011,Saccostrea glomerata,OsHV-1
103,https://www.frdc.com.au/sites/default/files/products/2011-053-DLD.pdf,Whittington et al. 2013,"Final Report: 2011/053 Aquatic Animal Health Subprogram: Pacific oyster mortality syndrome (POMS) – understanding biotic and abiotic environmental and husbandry effects to reduce economic losses
",2012,Magallana gigas,OsHV-1
103,https://www.frdc.com.au/sites/default/files/products/2011-053-DLD.pdf,Whittington et al. 2013,"Final Report: 2011/053 Aquatic Animal Health Subprogram: Pacific oyster mortality syndrome (POMS) – understanding biotic and abiotic environmental and husbandry effects to reduce economic losses
",2012,Saccostrea glomerata,OsHV-1
104,https://www.ncbi.nlm.nih.gov/pmc/articles/PMC5994699/,Abbadi et al. 2018,Identification of a newly described OsHV-1 μVar from the North Adriatic Sea (Italy),2016,Magallana gigas,OsHV-1 μVar
105,https://www.sciencedirect.com/science/article/pii/S0044848611001256,Dundon et al. 2011,Detection of Type 1 Ostreid Herpes variant (OsHV-1 μVar) with no associated mortality in French-origin Pacific cupped oyster Crassostrea gigas farmed in Italy,2010,Magallana gigas,OsHV-1 μVar
106,https://www.sciencedirect.com/science/article/abs/pii/S1050464814001727?via%3Dihub,Domeneghetti et al. 2014,"Mortality occurrence and pathogen detection in Crassostrea gigas and Mytilus galloprovincialis close-growing in shallow waters (Goro lagoon, Italy)",2011,Mytilus galloprovincialis,OsHV-1 μVar
106,https://www.sciencedirect.com/science/article/abs/pii/S1050464814001727?via%3Dihub,Domeneghetti et al. 2014,"Mortality occurrence and pathogen detection in Crassostrea gigas and Mytilus galloprovincialis close-growing in shallow waters (Goro lagoon, Italy)",2011,Magallana gigas,OsHV-1 μVar
106,https://www.sciencedirect.com/science/article/abs/pii/S1050464814001727?via%3Dihub,Domeneghetti et al. 2014,"Mortality occurrence and pathogen detection in Crassostrea gigas and Mytilus galloprovincialis close-growing in shallow waters (Goro lagoon, Italy)",2012,Magallana gigas,OsHV-1 μVar
106,https://www.sciencedirect.com/science/article/abs/pii/S1050464814001727?via%3Dihub,Domeneghetti et al. 2014,"Mortality occurrence and pathogen detection in Crassostrea gigas and Mytilus galloprovincialis close-growing in shallow waters (Goro lagoon, Italy)",2013,Magallana gigas,OsHV-1 μVar
107,https://www.sciencedirect.com/science/article/pii/S0022201116302348?via%3Dihub,Bai et al. 2017,Experimental infection of adult Scapharca broughtonii with Ostreid herpesvirus SB strain,NA,Scapharca broughtonii,OsHV-1
108,https://www.int-res.com/abstracts/dao/v117/n3/p171-176,Mortensen et al. 2016,Summer mortalities and detection of ostreid herpesvirus microvariant in Pacific oyster Crassostrea gigas in Sweden and Norway,2010,Magallana gigas,OsHV-1 μVar
108,https://www.int-res.com/abstracts/dao/v117/n3/p171-176,Mortensen et al. 2016,Summer mortalities and detection of ostreid herpesvirus microvariant in Pacific oyster Crassostrea gigas in Sweden and Norway,2013,Magallana gigas,OsHV-1 μVar
108,https://www.int-res.com/abstracts/dao/v117/n3/p171-176,Mortensen et al. 2016,Summer mortalities and detection of ostreid herpesvirus microvariant in Pacific oyster Crassostrea gigas in Sweden and Norway,2014,Magallana gigas,OsHV-1 μVar
109,https://www.sciencedirect.com/science/article/pii/S0044848611008295,Roque et al. 2012,First report of OsHV-1 microvar in Pacific oyster (Crassostrea gigas) cultured in Spain,2005,Magallana gigas,OsHV-1 μVar
109,https://www.sciencedirect.com/science/article/pii/S0044848611008295,Roque et al. 2012,First report of OsHV-1 microvar in Pacific oyster (Crassostrea gigas) cultured in Spain,2005,Magallana gigas,OsHV-1
109,https://www.sciencedirect.com/science/article/pii/S0044848611008295,Roque et al. 2012,First report of OsHV-1 microvar in Pacific oyster (Crassostrea gigas) cultured in Spain,2008,Magallana gigas,OsHV-1 μVar
109,https://www.sciencedirect.com/science/article/pii/S0044848611008295,Roque et al. 2012,First report of OsHV-1 microvar in Pacific oyster (Crassostrea gigas) cultured in Spain,2008,Magallana gigas,OsHV-1
109,https://www.sciencedirect.com/science/article/pii/S0044848611008295,Roque et al. 2012,First report of OsHV-1 microvar in Pacific oyster (Crassostrea gigas) cultured in Spain,2009,Magallana gigas,OsHV-1 μVar
109,https://www.sciencedirect.com/science/article/pii/S0044848611008295,Roque et al. 2012,First report of OsHV-1 microvar in Pacific oyster (Crassostrea gigas) cultured in Spain,2009,Magallana gigas,OsHV-1
109,https://www.sciencedirect.com/science/article/pii/S0044848611008295,Roque et al. 2012,First report of OsHV-1 microvar in Pacific oyster (Crassostrea gigas) cultured in Spain,2010,Magallana gigas,OsHV-1
110,https://www.sciencedirect.com/science/article/pii/S0025326X21002733?via%3Dihub,Vanhuysse et al. 2021,Changes in benthic macrofauna in oyster parks during an OsHV-1 μVar oyster spat mortality outbreak,2017,Arenicola marina,OsHV-1 μVar
110,https://www.sciencedirect.com/science/article/pii/S0025326X21002733?via%3Dihub,Vanhuysse et al. 2021,Changes in benthic macrofauna in oyster parks during an OsHV-1 μVar oyster spat mortality outbreak,2017,Crangon crangon,OsHV-1 μVar
110,https://www.sciencedirect.com/science/article/pii/S0025326X21002733?via%3Dihub,Vanhuysse et al. 2021,Changes in benthic macrofauna in oyster parks during an OsHV-1 μVar oyster spat mortality outbreak,2017,Cerastoderma edule,OsHV-1 μVar
110,https://www.sciencedirect.com/science/article/pii/S0025326X21002733?via%3Dihub,Vanhuysse et al. 2021,Changes in benthic macrofauna in oyster parks during an OsHV-1 μVar oyster spat mortality outbreak,2017,Crepidula fornicata,OsHV-1 μVar
110,https://www.sciencedirect.com/science/article/pii/S0025326X21002733?via%3Dihub,Vanhuysse et al. 2021,Changes in benthic macrofauna in oyster parks during an OsHV-1 μVar oyster spat mortality outbreak,2017,Golfingia vulgaris,OsHV-1 μVar
110,https://www.sciencedirect.com/science/article/pii/S0025326X21002733?via%3Dihub,Vanhuysse et al. 2021,Changes in benthic macrofauna in oyster parks during an OsHV-1 μVar oyster spat mortality outbreak,2017,L. conchilega,OsHV-1 μVar
110,https://www.sciencedirect.com/science/article/pii/S0025326X21002733?via%3Dihub,Vanhuysse et al. 2021,Changes in benthic macrofauna in oyster parks during an OsHV-1 μVar oyster spat mortality outbreak,2017,Lineus spp.,OsHV-1 μVar
110,https://www.sciencedirect.com/science/article/pii/S0025326X21002733?via%3Dihub,Vanhuysse et al. 2021,Changes in benthic macrofauna in oyster parks during an OsHV-1 μVar oyster spat mortality outbreak,2017,Balanus spp.,OsHV-1 μVar
110,https://www.sciencedirect.com/science/article/pii/S0025326X21002733?via%3Dihub,Vanhuysse et al. 2021,Changes in benthic macrofauna in oyster parks during an OsHV-1 μVar oyster spat mortality outbreak,2017,Phyllodoce mucosa,OsHV-1 μVar
110,https://www.sciencedirect.com/science/article/pii/S0025326X21002733?via%3Dihub,Vanhuysse et al. 2021,Changes in benthic macrofauna in oyster parks during an OsHV-1 μVar oyster spat mortality outbreak,2017,Carcinus maenas,OsHV-1 μVar
110,https://www.sciencedirect.com/science/article/pii/S0025326X21002733?via%3Dihub,Vanhuysse et al. 2021,Changes in benthic macrofauna in oyster parks during an OsHV-1 μVar oyster spat mortality outbreak,2017,Gammarus obtusatus,OsHV-1 μVar
110,https://www.sciencedirect.com/science/article/pii/S0025326X21002733?via%3Dihub,Vanhuysse et al. 2021,Changes in benthic macrofauna in oyster parks during an OsHV-1 μVar oyster spat mortality outbreak,2017,Littorina littorea,OsHV-1 μVar
110,https://www.sciencedirect.com/science/article/pii/S0025326X21002733?via%3Dihub,Vanhuysse et al. 2021,Changes in benthic macrofauna in oyster parks during an OsHV-1 μVar oyster spat mortality outbreak,2017,Mytilus edulis,OsHV-1 μVar
110,https://www.sciencedirect.com/science/article/pii/S0025326X21002733?via%3Dihub,Vanhuysse et al. 2021,Changes in benthic macrofauna in oyster parks during an OsHV-1 μVar oyster spat mortality outbreak,2017,Scoloplos armiger,OsHV-1 μVar
111,https://academic.oup.com/metallomics/article/11/4/822/5952389,Xin et al. 2019,"OsHV-1 infection leads to mollusc tissue lesion and iron redistribution, revealing a strategy of iron limitation against pathogen",NA,Scapharca broughtonii,OsHV-1
112,https://onlinelibrary.wiley.com/doi/epdf/10.1111/jfd.12332,Gittenberger et al. 2016,"Ostreid herpesvirus OsHV-1lVar in Pacific oystersCrassostrea gigas (Thunberg 1793) of the Wadden Sea, aUNESCO world heritage site",2012,Magallana gigas,OsHV-1 μVar
113,https://www.sciencedirect.com/science/article/abs/pii/S004484861500109X?via%3Dihub,Morrissey et al. 2016,An investigation of ostreid herpes virus microvariants found in Crassostrea gigas oyster producing bays in Ireland,2008,Magallana gigas,OsHV-1 μVar
113,https://www.sciencedirect.com/science/article/abs/pii/S004484861500109X?via%3Dihub,Morrissey et al. 2016,An investigation of ostreid herpes virus microvariants found in Crassostrea gigas oyster producing bays in Ireland,2009,Magallana gigas,OsHV-1 μVar
113,https://www.sciencedirect.com/science/article/abs/pii/S004484861500109X?via%3Dihub,Morrissey et al. 2016,An investigation of ostreid herpes virus microvariants found in Crassostrea gigas oyster producing bays in Ireland,2010,Magallana gigas,OsHV-1 μVar
113,https://www.sciencedirect.com/science/article/abs/pii/S004484861500109X?via%3Dihub,Morrissey et al. 2016,An investigation of ostreid herpes virus microvariants found in Crassostrea gigas oyster producing bays in Ireland,2011,Magallana gigas,OsHV-1 μVar
113,https://www.sciencedirect.com/science/article/abs/pii/S004484861500109X?via%3Dihub,Morrissey et al. 2016,An investigation of ostreid herpes virus microvariants found in Crassostrea gigas oyster producing bays in Ireland,2012,Magallana gigas,OsHV-1 μVar
114,https://www.sciencedirect.com/science/article/pii/S0168170216300739?via%3Dihub,López Sanmartín et al. 2016,"Experimental infection of European flat oyster Ostrea edulis with ostreid herpesvirus 1 microvar (OsHV-1 μVar): Mortality, viral load and detection of viral transcripts by in situ hybridization",2014,Ostrea edulis,OsHV-1 μVar
115,https://esajournals.onlinelibrary.wiley.com/doi/10.1002/ecs2.3435,Pernet et al. 2021,Competition for food reduces disease susceptibility in a marine invertebrate,2017,Ostrea edulis,OsHV-1
115,https://esajournals.onlinelibrary.wiley.com/doi/10.1002/ecs2.3435,Pernet et al. 2021,Competition for food reduces disease susceptibility in a marine invertebrate,2017,Mytilus spp.,OsHV-1
116,NA,Shukla et al. in prep,"Stress Hardening May Impact Pacific Oyster (Magallana gigas), but not Kumamoto Oyster (Crassostrea sikamea), Responses to an OsHV-1 Outbreak in Tomales Bay, CA",2020,Magallana gigas,OsHV-1
116,NA,Shukla et al. in prep,"Stress Hardening May Impact Pacific Oyster (Magallana gigas), but not Kumamoto Oyster (Crassostrea sikamea), Responses to an OsHV-1 Outbreak in Tomales Bay, CA",2021,Magallana gigas,OsHV-1
116,NA,Shukla et al. in prep,"Stress Hardening May Impact Pacific Oyster (Magallana gigas), but not Kumamoto Oyster (Crassostrea sikamea), Responses to an OsHV-1 Outbreak in Tomales Bay, CA",2021,Crassostrea sikamea,OsHV-1
116,NA,Shukla et al. in prep,"Stress Hardening May Impact Pacific Oyster (Magallana gigas), but not Kumamoto Oyster (Crassostrea sikamea), Responses to an OsHV-1 Outbreak in Tomales Bay, CA",2022,Magallana gigas,OsHV-1
